a_gender,a_quality,actorid
M,4,0
M,4,1
F,3,2
F,3,3
F,4,4
F,4,5
F,3,6
M,3,7
F,4,8
M,3,9
M,3,10
M,3,11
F,3,12
M,3,13
M,3,14
M,4,15
M,3,16
M,4,17
F,0,18
F,3,19
F,3,20
M,4,21
M,4,22
M,3,23
M,3,24
M,0,25
M,3,26
M,3,27
M,3,28
F,4,29
F,4,30
M,0,31
M,3,32
F,3,33
M,4,34
F,4,35
F,0,36
M,3,37
M,0,38
F,3,39
F,3,40
M,4,41
M,3,42
F,3,43
F,4,44
M,1,45
M,4,46
M,3,47
M,3,48
F,4,49
M,2,50
M,4,51
M,4,52
M,4,53
M,0,54
F,4,55
F,2,56
M,4,57
M,3,58
F,3,59
M,3,60
F,3,61
M,3,62
F,4,63
M,3,64
M,3,65
F,0,66
M,3,67
M,3,68
M,4,69
M,4,70
M,2,71
F,3,72
M,4,73
F,4,74
M,0,75
M,3,76
M,4,77
M,0,78
M,0,79
F,0,80
M,3,81
M,3,82
M,3,83
M,3,84
F,3,85
M,3,86
M,4,87
M,3,88
M,4,89
M,3,90
M,3,91
F,3,92
M,4,93
M,5,94
M,3,95
M,3,96
F,3,97
M,3,98
M,0,99
F,4,100
M,3,101
M,4,102
M,4,103
M,0,104
F,4,105
F,4,106
F,3,107
F,4,108
M,2,109
M,0,110
M,3,111
M,0,112
F,4,113
M,0,114
M,3,115
M,4,116
M,3,117
M,3,118
M,0,119
M,3,120
M,0,121
M,3,122
M,4,123
F,4,124
M,4,125
F,3,126
M,4,127
M,3,128
F,3,129
F,4,130
M,3,131
M,3,132
M,4,133
M,3,134
F,3,135
F,0,136
F,3,137
M,4,138
F,4,139
M,4,140
M,3,141
M,3,142
M,4,143
M,3,144
F,3,145
M,3,146
M,3,147
M,4,148
M,3,149
M,4,150
M,3,151
M,4,152
M,4,153
M,0,154
F,3,155
M,3,156
M,3,157
M,3,158
M,4,159
M,4,160
F,3,161
F,3,162
M,3,163
M,3,164
M,4,165
F,0,166
M,3,167
M,3,168
F,3,169
M,4,170
M,3,171
M,4,172
M,0,173
M,2,174
M,2,175
M,3,176
M,2,177
M,4,178
M,3,179
M,3,180
F,4,181
F,3,182
M,3,183
F,3,184
M,4,185
F,3,186
M,4,187
M,4,188
F,3,189
F,4,190
M,4,191
F,3,192
F,4,193
M,4,194
M,0,195
M,4,196
F,3,197
M,0,198
F,0,199
M,3,200
M,4,201
M,4,202
M,3,203
M,0,204
M,2,205
M,3,206
F,0,207
M,0,208
M,4,209
M,3,210
M,2,211
M,4,212
M,0,213
M,3,214
F,4,215
M,4,216
M,0,217
M,3,218
M,3,219
M,4,220
F,0,221
F,0,222
M,3,223
M,0,224
F,3,225
M,3,226
M,2,227
F,4,228
M,3,229
M,4,230
M,3,231
F,4,232
M,3,233
M,0,234
M,3,235
F,4,236
M,3,237
M,3,238
F,3,239
F,3,240
M,3,241
F,4,242
F,4,243
M,3,244
F,3,245
M,2,246
F,4,247
F,4,248
M,4,249
M,3,250
M,2,251
M,0,252
M,3,253
M,0,254
M,4,255
M,4,256
M,0,257
F,3,258
M,4,259
M,3,260
M,4,261
F,3,262
M,0,263
M,4,264
M,3,265
F,3,266
M,4,267
F,3,268
M,4,269
M,4,270
M,4,271
F,4,272
M,2,273
F,3,274
M,2,275
M,3,276
M,4,277
F,3,278
F,4,279
M,3,280
M,4,281
M,4,282
F,4,283
M,3,284
F,3,285
M,4,286
F,4,287
M,3,288
F,0,289
M,3,290
F,0,291
M,4,292
M,4,293
F,2,294
M,4,295
M,4,296
M,4,297
M,0,298
M,4,299
M,4,300
M,3,301
M,3,302
M,4,303
F,2,304
M,0,305
M,3,306
M,3,307
F,2,308
M,4,309
M,4,310
M,4,311
F,0,312
M,3,313
M,3,314
M,4,315
F,4,316
M,2,317
F,2,318
M,4,319
M,3,320
F,0,321
F,2,322
M,4,323
M,4,324
M,4,325
F,4,326
M,4,327
F,0,328
M,3,329
M,4,330
M,4,331
F,3,332
F,2,333
M,2,334
M,0,335
F,4,336
M,4,337
M,4,338
F,4,339
F,4,340
M,3,341
F,3,342
M,3,343
M,3,344
M,4,345
M,3,346
M,4,347
M,4,348
M,3,349
M,0,350
M,3,351
F,3,352
M,4,353
F,3,354
F,4,355
M,3,356
F,4,357
F,3,358
M,3,359
M,4,360
M,4,361
M,4,362
M,3,363
F,3,364
F,3,365
M,4,366
M,4,367
F,0,368
F,3,369
M,4,370
M,3,371
F,3,372
M,0,373
M,2,374
M,4,375
F,4,376
M,4,377
M,2,378
M,0,379
M,3,380
M,3,381
F,0,382
M,3,383
M,4,384
F,4,385
F,4,386
F,3,387
F,3,388
M,3,389
F,4,390
F,2,391
M,4,392
F,4,393
M,0,394
M,2,395
M,4,396
M,3,397
F,2,398
F,3,399
M,3,400
M,0,401
M,0,402
F,3,403
F,4,404
M,4,405
F,4,406
F,4,407
M,0,408
F,3,409
M,4,410
F,0,411
M,3,412
M,3,413
M,3,414
M,3,415
M,3,416
F,4,417
M,3,418
M,2,419
M,4,420
M,3,421
M,4,422
M,0,423
F,4,424
F,0,425
M,4,426
F,3,427
M,4,428
M,2,429
M,4,430
F,3,431
M,3,432
M,4,433
M,3,434
M,4,435
M,3,436
M,3,437
M,4,438
M,0,439
M,0,440
M,3,441
M,3,442
M,3,443
F,3,444
M,3,445
M,0,446
M,4,447
M,4,448
M,4,449
M,4,450
M,3,451
M,0,452
M,3,453
M,4,454
M,4,455
F,4,456
M,4,457
F,0,458
F,4,459
M,4,460
M,4,461
M,0,462
F,3,463
M,3,464
F,3,465
M,4,466
F,3,467
M,4,468
M,4,469
M,3,470
M,0,471
M,0,472
M,4,473
M,4,474
M,4,475
F,3,476
M,4,477
M,3,478
M,3,479
F,3,480
M,3,481
M,3,482
M,3,483
M,0,484
F,4,485
F,4,486
M,3,487
M,3,488
M,3,489
M,4,490
M,3,491
M,3,492
F,3,493
M,4,494
M,3,495
F,2,496
M,4,497
M,4,498
F,4,499
F,4,500
M,4,501
M,3,502
M,3,503
M,3,504
F,4,505
F,3,506
M,3,507
M,3,508
F,4,509
F,3,510
M,4,511
M,4,512
M,3,513
M,4,514
M,2,515
M,4,516
M,4,517
M,0,518
F,4,519
F,3,520
M,0,521
M,3,522
M,3,523
M,4,524
F,4,525
M,4,526
F,3,527
M,3,528
M,4,529
F,4,530
M,0,531
F,3,532
M,4,533
F,4,534
F,3,535
M,3,536
M,4,537
M,3,538
F,0,539
F,2,540
M,4,541
F,4,542
F,0,543
M,4,544
F,4,545
M,3,546
M,4,547
F,4,548
F,4,549
M,4,550
M,4,551
M,3,552
M,4,553
F,3,554
F,4,555
M,3,556
M,3,557
F,2,558
M,4,559
M,4,560
M,4,561
M,0,562
M,3,563
M,2,564
M,4,565
F,3,566
M,4,567
M,4,568
F,3,569
F,4,570
M,4,571
M,4,572
M,3,573
F,3,574
M,4,575
M,0,576
F,3,577
F,4,578
M,4,579
M,3,580
M,3,581
M,3,582
M,4,583
F,4,584
F,3,585
M,3,586
F,4,587
F,4,588
M,3,589
M,4,590
F,4,591
M,2,592
M,3,593
M,0,594
F,2,595
F,4,596
M,4,597
F,4,598
M,4,599
F,3,600
M,4,601
F,3,602
M,4,603
M,0,604
M,3,605
F,3,606
F,0,607
F,0,608
M,3,609
M,4,610
M,3,611
M,0,612
M,3,613
F,4,614
M,4,615
F,0,616
F,3,617
M,0,618
M,3,619
M,4,620
F,4,621
F,4,622
F,4,623
M,0,624
F,3,625
M,3,626
F,3,627
M,4,628
M,0,629
M,3,630
F,4,631
M,4,632
M,0,633
M,4,634
M,0,635
F,3,636
F,4,637
M,3,638
F,4,639
M,4,640
M,4,641
M,4,642
M,4,643
M,4,644
F,2,645
M,4,646
M,3,647
F,3,648
M,0,649
M,3,650
M,4,651
F,0,652
M,4,653
M,3,654
M,4,655
M,3,656
M,0,657
F,4,658
M,4,659
M,4,660
M,3,661
M,3,662
M,3,663
F,3,664
M,3,665
M,3,666
M,3,667
M,4,668
M,3,669
M,3,670
M,4,671
M,3,672
M,0,673
M,0,674
M,4,675
M,3,676
F,3,677
M,3,678
M,0,679
M,4,680
F,3,681
M,4,682
F,3,683
M,3,684
M,3,685
F,3,686
F,4,687
M,3,688
M,3,689
M,4,690
M,3,691
M,4,692
M,4,693
M,3,694
M,4,695
M,0,696
M,2,697
F,4,698
M,3,699
M,0,700
M,2,701
M,4,702
F,4,703
F,4,704
F,4,705
M,3,706
M,0,707
M,2,708
M,3,709
F,4,710
F,3,711
M,4,712
M,4,713
M,4,714
M,3,715
M,3,716
F,4,717
F,3,718
F,4,719
F,4,720
M,4,721
M,2,722
M,3,723
M,4,724
M,4,725
M,0,726
F,3,727
F,0,728
M,3,729
F,2,730
M,3,731
M,0,732
M,4,733
M,4,734
M,4,735
M,0,736
M,0,737
M,0,738
M,4,739
M,0,740
M,3,741
M,4,742
M,0,743
M,0,744
M,0,745
M,4,746
M,4,747
M,3,748
F,3,749
F,4,750
M,4,751
M,2,752
F,0,753
M,3,754
M,3,755
F,4,756
M,4,757
M,2,758
M,4,759
M,3,760
M,3,761
F,4,762
M,3,763
M,4,764
M,0,765
F,3,766
F,4,767
M,0,768
M,3,769
F,0,770
M,4,771
F,2,772
M,4,773
F,4,774
M,4,775
M,2,776
F,3,777
M,3,778
M,3,779
M,4,780
M,4,781
M,4,782
M,3,783
M,4,784
M,4,785
F,4,786
M,0,787
M,3,788
F,0,789
M,3,790
M,3,791
M,4,792
M,4,793
F,0,794
M,3,795
F,4,796
M,3,797
M,3,798
F,4,799
M,3,800
F,4,801
M,3,802
M,3,803
F,4,804
M,4,805
M,4,806
F,3,807
M,3,808
F,3,809
M,3,810
F,4,811
M,4,812
M,3,813
M,4,814
M,4,815
M,4,816
F,0,817
M,4,818
F,4,819
M,4,820
M,3,821
M,2,822
F,3,823
F,3,824
M,4,825
M,4,826
F,4,827
M,3,828
F,4,829
F,3,830
M,0,831
M,4,832
F,3,833
M,3,834
M,0,835
M,3,836
F,4,837
M,3,838
F,0,839
M,4,840
F,3,841
M,3,842
M,2,843
M,3,844
M,3,845
M,0,846
F,3,847
M,3,848
F,4,849
M,3,850
M,3,851
M,3,852
F,3,853
M,4,854
M,0,855
F,4,856
M,2,857
F,3,858
F,4,859
M,0,860
M,3,861
M,4,862
F,4,863
M,0,864
M,4,865
M,3,866
M,4,867
M,4,868
M,0,869
F,2,870
M,3,871
M,4,872
F,4,873
F,0,874
M,3,875
F,4,876
M,3,877
F,4,878
M,3,879
M,4,880
F,3,881
M,0,882
F,4,883
M,2,884
M,4,885
F,4,886
M,3,887
F,3,888
M,3,889
F,0,890
M,3,891
M,3,892
M,4,893
M,3,894
M,4,895
M,0,896
M,0,897
M,3,898
M,4,899
M,4,900
M,4,901
F,3,902
F,4,903
M,4,904
M,3,905
M,0,906
M,3,907
M,4,908
F,3,909
M,2,910
M,4,911
M,3,912
M,4,913
M,4,914
F,4,915
F,3,916
M,0,917
M,4,918
M,3,919
M,0,920
M,3,921
M,3,922
M,3,923
F,4,924
M,0,925
F,3,926
M,0,927
M,4,928
F,4,929
F,3,930
M,4,931
M,0,932
M,4,933
F,2,934
M,0,935
M,3,936
M,4,937
F,3,938
M,3,939
F,4,940
M,0,941
F,4,942
M,4,943
F,4,944
M,3,945
F,4,946
M,3,947
F,3,948
M,4,949
M,2,950
M,4,951
F,4,952
M,0,953
M,0,954
F,4,955
M,3,956
M,3,957
M,4,958
F,3,959
M,3,960
F,3,961
M,0,962
F,3,963
M,4,964
M,4,965
F,3,966
F,3,967
F,4,968
M,4,969
F,3,970
M,3,971
F,3,972
F,3,973
M,4,974
M,4,975
F,4,976
M,4,977
F,2,978
F,4,979
M,4,980
F,4,981
M,3,982
M,3,983
M,3,984
F,3,985
F,4,986
F,3,987
M,0,988
F,0,989
M,3,990
M,3,991
F,4,992
M,3,993
M,4,994
M,4,995
M,4,996
M,4,997
F,4,998
F,4,999
M,4,1000
M,2,1001
F,0,1002
M,3,1003
F,3,1004
F,3,1005
F,4,1006
M,2,1007
M,4,1008
M,3,1009
F,3,1010
M,4,1011
M,4,1012
F,4,1013
M,3,1014
M,3,1015
M,3,1016
F,3,1017
M,2,1018
M,3,1019
M,3,1020
M,3,1021
M,3,1022
M,4,1023
M,4,1024
M,4,1025
M,4,1026
M,4,1027
M,3,1028
F,4,1029
F,3,1030
F,3,1031
M,3,1032
M,3,1033
M,4,1034
M,4,1035
M,4,1036
F,3,1037
F,4,1038
M,0,1039
M,0,1040
F,4,1041
F,3,1042
F,3,1043
M,4,1044
M,4,1045
M,3,1046
M,4,1047
M,4,1048
F,4,1049
M,4,1050
F,3,1051
F,4,1052
F,3,1053
M,3,1054
M,3,1055
M,3,1056
M,0,1057
M,3,1058
M,3,1059
M,0,1060
F,4,1061
F,4,1062
M,4,1063
F,4,1064
M,4,1065
M,4,1066
F,4,1067
F,3,1068
F,4,1069
M,4,1070
M,3,1071
M,0,1072
M,0,1073
M,4,1074
F,3,1075
F,3,1076
M,3,1077
M,0,1078
M,4,1079
M,3,1080
M,4,1081
M,0,1082
M,4,1083
M,4,1084
F,3,1085
M,4,1086
F,3,1087
F,0,1088
F,4,1089
M,3,1090
M,3,1091
M,3,1092
M,4,1093
F,4,1094
M,4,1095
F,4,1096
M,3,1097
F,4,1098
F,4,1099
M,4,1100
M,3,1101
M,3,1102
M,3,1103
F,3,1104
F,4,1105
M,0,1106
M,0,1107
M,3,1108
M,3,1109
M,3,1110
F,4,1111
M,3,1112
M,4,1113
F,4,1114
M,3,1115
M,4,1116
M,3,1117
F,2,1118
M,0,1119
F,0,1120
F,4,1121
M,3,1122
M,4,1123
M,0,1124
M,2,1125
M,3,1126
M,3,1127
M,3,1128
M,3,1129
M,4,1130
M,3,1131
F,3,1132
M,4,1133
M,3,1134
M,4,1135
M,4,1136
M,3,1137
M,4,1138
F,3,1139
M,4,1140
F,3,1141
F,4,1142
F,3,1143
M,4,1144
M,4,1145
M,4,1146
M,3,1147
M,3,1148
M,3,1149
M,4,1150
M,3,1151
M,3,1152
F,4,1153
M,4,1154
M,4,1155
F,3,1156
F,3,1157
F,3,1158
M,1,1159
M,4,1160
M,3,1161
M,3,1162
M,0,1163
F,0,1164
M,4,1165
M,0,1166
M,0,1167
M,3,1168
M,0,1169
F,3,1170
M,0,1171
M,4,1172
M,4,1173
M,0,1174
M,3,1175
M,3,1176
M,0,1177
M,2,1178
M,3,1179
M,0,1180
M,0,1181
M,4,1182
M,4,1183
M,0,1184
M,0,1185
F,4,1186
F,4,1187
F,4,1188
M,4,1189
F,3,1190
M,0,1191
F,4,1192
M,4,1193
M,0,1194
M,4,1195
M,4,1196
M,3,1197
M,3,1198
F,3,1199
M,3,1200
F,0,1201
F,0,1202
M,4,1203
F,0,1204
M,4,1205
F,4,1206
F,3,1207
F,3,1208
M,3,1209
M,0,1210
F,3,1211
M,0,1212
M,0,1213
M,3,1214
M,3,1215
M,0,1216
M,3,1217
M,3,1218
F,3,1219
M,4,1220
M,3,1221
M,3,1222
M,3,1223
M,4,1224
M,3,1225
M,4,1226
M,4,1227
M,3,1228
M,4,1229
M,2,1230
M,4,1231
M,3,1232
F,3,1233
M,4,1234
M,4,1235
F,3,1236
F,4,1237
M,4,1238
M,0,1239
F,4,1240
M,4,1241
F,3,1242
M,3,1243
M,0,1244
M,3,1245
M,3,1246
M,0,1247
M,4,1248
M,0,1249
M,3,1250
M,2,1251
M,4,1252
M,3,1253
F,3,1254
F,4,1255
F,4,1256
M,4,1257
F,3,1258
M,2,1259
M,3,1260
M,0,1261
F,4,1262
M,3,1263
M,4,1264
F,4,1265
M,4,1266
M,3,1267
M,4,1268
F,3,1269
M,4,1270
M,3,1271
M,3,1272
F,2,1273
F,4,1274
F,2,1275
F,3,1276
M,2,1277
M,3,1278
M,3,1279
M,4,1280
M,3,1281
F,0,1282
F,3,1283
F,3,1284
M,0,1285
M,4,1286
M,3,1287
M,4,1288
M,4,1289
F,3,1290
M,3,1291
M,4,1292
F,3,1293
M,2,1294
F,2,1295
F,3,1296
F,3,1297
F,3,1298
F,3,1299
F,2,1300
M,0,1301
F,3,1302
M,0,1303
M,4,1304
M,3,1305
M,0,1306
M,3,1307
M,4,1308
F,0,1309
M,3,1310
F,0,1311
F,4,1312
M,4,1313
M,4,1314
M,4,1315
M,4,1316
F,0,1317
F,3,1318
F,4,1319
F,0,1320
M,3,1321
F,4,1322
F,4,1323
M,0,1324
M,0,1325
M,0,1326
M,2,1327
F,4,1328
M,4,1329
F,3,1330
M,4,1331
M,3,1332
M,4,1333
F,4,1334
M,4,1335
M,3,1336
M,4,1337
M,4,1338
F,4,1339
F,3,1340
M,4,1341
M,0,1342
F,4,1343
F,3,1344
M,4,1345
M,4,1346
M,4,1347
M,4,1348
F,4,1349
F,3,1350
M,0,1351
M,4,1352
F,3,1353
F,0,1354
M,4,1355
M,3,1356
M,4,1357
F,3,1358
M,0,1359
F,4,1360
M,0,1361
M,4,1362
M,3,1363
F,3,1364
M,3,1365
M,4,1366
M,3,1367
M,3,1368
F,2,1369
M,4,1370
M,3,1371
M,0,1372
F,2,1373
F,2,1374
M,3,1375
F,0,1376
F,4,1377
M,4,1378
F,4,1379
M,4,1380
F,3,1381
M,2,1382
F,4,1383
M,4,1384
M,3,1385
M,4,1386
M,3,1387
M,2,1388
F,4,1389
F,3,1390
M,4,1391
M,5,1392
M,2,1393
F,3,1394
F,0,1395
M,0,1396
F,3,1397
M,3,1398
M,3,1399
M,4,1400
F,4,1401
M,0,1402
M,4,1403
F,4,1404
F,4,1405
M,3,1406
M,4,1407
M,2,1408
M,0,1409
F,3,1410
F,2,1411
F,4,1412
M,4,1413
M,0,1414
F,3,1415
M,4,1416
F,3,1417
M,4,1418
M,4,1419
F,3,1420
M,3,1421
M,4,1422
M,4,1423
M,0,1424
M,3,1425
M,3,1426
M,0,1427
F,2,1428
F,3,1429
M,4,1430
F,3,1431
M,0,1432
M,3,1433
M,4,1434
M,0,1435
F,0,1436
M,3,1437
M,0,1438
F,0,1439
M,4,1440
M,3,1441
M,4,1442
F,4,1443
M,3,1444
M,3,1445
F,2,1446
M,4,1447
M,4,1448
F,3,1449
F,0,1450
M,4,1451
F,4,1452
F,4,1453
F,0,1454
F,4,1455
M,3,1456
M,4,1457
F,3,1458
M,3,1459
M,0,1460
M,3,1461
F,4,1462
M,0,1463
M,4,1464
M,4,1465
F,3,1466
M,3,1467
M,4,1468
M,3,1469
M,2,1470
F,3,1471
M,3,1472
M,4,1473
M,4,1474
F,3,1475
M,2,1476
M,4,1477
F,3,1478
M,3,1479
F,3,1480
M,4,1481
M,3,1482
M,4,1483
M,4,1484
F,2,1485
M,4,1486
F,3,1487
M,4,1488
F,4,1489
F,4,1490
F,0,1491
M,4,1492
M,4,1493
F,4,1494
M,2,1495
F,4,1496
M,3,1497
M,3,1498
F,3,1499
F,3,1500
F,3,1501
M,3,1502
M,4,1503
F,4,1504
F,4,1505
M,0,1506
M,4,1507
F,3,1508
M,3,1509
M,3,1510
F,4,1511
M,3,1512
M,3,1513
M,4,1514
F,3,1515
M,4,1516
F,4,1517
M,3,1518
M,3,1519
M,0,1520
F,4,1521
M,3,1522
F,3,1523
M,5,1524
M,3,1525
F,4,1526
M,4,1527
M,4,1528
F,3,1529
F,4,1530
M,4,1531
M,4,1532
F,4,1533
M,4,1534
F,3,1535
M,4,1536
M,3,1537
M,3,1538
M,4,1539
M,0,1540
F,4,1541
F,3,1542
M,3,1543
M,4,1544
M,3,1545
M,0,1546
M,4,1547
M,4,1548
M,3,1549
F,3,1550
M,0,1551
M,3,1552
M,4,1553
M,3,1554
M,4,1555
M,1,1556
M,0,1557
M,4,1558
M,4,1559
M,3,1560
M,0,1561
F,3,1562
M,4,1563
M,3,1564
F,2,1565
M,3,1566
M,3,1567
M,4,1568
F,4,1569
M,4,1570
M,4,1571
M,2,1572
F,4,1573
F,4,1574
M,0,1575
F,4,1576
M,4,1577
M,4,1578
M,0,1579
M,4,1580
F,0,1581
F,4,1582
M,3,1583
F,0,1584
F,3,1585
M,3,1586
F,3,1587
F,3,1588
M,4,1589
M,3,1590
M,4,1591
F,4,1592
F,0,1593
F,3,1594
M,4,1595
M,4,1596
M,4,1597
M,4,1598
F,4,1599
M,3,1600
F,0,1601
M,4,1602
M,4,1603
M,4,1604
M,3,1605
M,4,1606
M,2,1607
M,3,1608
F,3,1609
F,3,1610
F,4,1611
F,4,1612
F,3,1613
M,4,1614
F,0,1615
F,4,1616
F,3,1617
M,4,1618
M,3,1619
M,4,1620
M,3,1621
F,3,1622
F,0,1623
M,0,1624
M,3,1625
F,3,1626
F,3,1627
M,4,1628
F,4,1629
F,3,1630
F,2,1631
M,4,1632
M,3,1633
M,3,1634
M,4,1635
M,4,1636
M,0,1637
M,0,1638
M,4,1639
M,0,1640
M,0,1641
M,4,1642
M,3,1643
F,0,1644
F,4,1645
M,4,1646
F,4,1647
M,4,1648
M,4,1649
M,3,1650
M,4,1651
M,4,1652
M,2,1653
M,3,1654
F,0,1655
M,4,1656
M,4,1657
M,3,1658
M,3,1659
F,2,1660
F,4,1661
F,4,1662
F,4,1663
M,4,1664
M,3,1665
F,3,1666
M,3,1667
M,4,1668
M,3,1669
M,3,1670
M,5,1671
F,0,1672
F,3,1673
M,4,1674
F,4,1675
M,3,1676
F,3,1677
M,0,1678
M,4,1679
F,3,1680
M,3,1681
M,4,1682
M,0,1683
F,4,1684
F,4,1685
M,0,1686
M,4,1687
M,4,1688
F,3,1689
M,4,1690
F,4,1691
F,0,1692
M,3,1693
M,4,1694
M,3,1695
F,4,1696
M,3,1697
M,4,1698
M,4,1699
M,3,1700
F,4,1701
F,3,1702
M,0,1703
F,3,1704
M,4,1705
F,0,1706
M,3,1707
F,3,1708
F,3,1709
M,3,1710
M,0,1711
F,0,1712
M,3,1713
M,3,1714
F,3,1715
M,4,1716
M,3,1717
M,4,1718
M,3,1719
F,4,1720
M,3,1721
F,0,1722
M,0,1723
M,4,1724
F,4,1725
F,4,1726
M,4,1727
M,4,1728
M,4,1729
M,3,1730
F,4,1731
F,0,1732
M,3,1733
F,4,1734
M,3,1735
M,3,1736
M,4,1737
M,3,1738
F,3,1739
M,4,1740
M,3,1741
F,4,1742
M,4,1743
M,3,1744
M,4,1745
M,4,1746
M,4,1747
M,4,1748
M,4,1749
M,3,1750
F,4,1751
F,3,1752
F,3,1753
F,2,1754
F,3,1755
M,4,1756
M,4,1757
M,0,1758
F,4,1759
M,3,1760
F,4,1761
M,4,1762
M,3,1763
M,3,1764
F,4,1765
M,3,1766
F,3,1767
M,0,1768
M,3,1769
F,4,1770
F,4,1771
M,4,1772
M,3,1773
F,2,1774
M,3,1775
M,3,1776
M,4,1777
M,4,1778
M,4,1779
M,4,1780
M,4,1781
M,3,1782
M,4,1783
F,4,1784
M,4,1785
M,3,1786
M,4,1787
M,4,1788
F,4,1789
F,3,1790
M,0,1791
F,0,1792
F,3,1793
M,3,1794
F,3,1795
F,3,1796
M,0,1797
M,3,1798
M,3,1799
M,4,1800
M,4,1801
M,3,1802
M,3,1803
F,3,1804
M,3,1805
F,4,1806
F,3,1807
F,3,1808
M,4,1809
M,4,1810
F,3,1811
M,4,1812
M,0,1813
M,0,1814
M,3,1815
M,2,1816
F,3,1817
F,4,1818
F,2,1819
M,4,1820
M,3,1821
M,0,1822
F,4,1823
M,3,1824
M,3,1825
M,0,1826
M,3,1827
F,4,1828
M,4,1829
M,0,1830
M,0,1831
M,0,1832
M,4,1833
M,4,1834
M,3,1835
M,0,1836
M,4,1837
F,2,1838
M,4,1839
M,3,1840
M,3,1841
M,4,1842
F,3,1843
M,2,1844
F,1,1845
F,4,1846
F,4,1847
M,3,1848
M,4,1849
M,3,1850
F,3,1851
M,0,1852
F,3,1853
M,4,1854
M,4,1855
F,4,1856
M,4,1857
M,3,1858
M,3,1859
F,0,1860
M,2,1861
M,2,1862
M,0,1863
F,3,1864
M,4,1865
M,2,1866
F,2,1867
M,3,1868
M,3,1869
M,3,1870
F,3,1871
M,5,1872
M,4,1873
M,4,1874
F,3,1875
M,4,1876
F,0,1877
M,4,1878
M,4,1879
M,4,1880
F,2,1881
M,3,1882
M,4,1883
M,4,1884
M,0,1885
M,3,1886
F,3,1887
M,3,1888
M,4,1889
F,4,1890
M,3,1891
F,0,1892
F,3,1893
F,3,1894
M,0,1895
F,3,1896
F,3,1897
F,4,1898
F,3,1899
M,4,1900
F,4,1901
F,3,1902
M,0,1903
M,4,1904
M,3,1905
M,3,1906
F,3,1907
F,0,1908
F,4,1909
F,4,1910
M,3,1911
M,0,1912
F,3,1913
F,4,1914
F,4,1915
F,4,1916
M,2,1917
M,3,1918
M,3,1919
M,4,1920
M,3,1921
M,4,1922
M,4,1923
F,4,1924
M,0,1925
M,0,1926
M,4,1927
M,4,1928
M,0,1929
F,3,1930
M,4,1931
F,2,1932
F,0,1933
F,4,1934
M,4,1935
M,4,1936
M,0,1937
M,3,1938
M,4,1939
F,3,1940
M,3,1941
M,0,1942
F,4,1943
F,3,1944
M,0,1945
F,3,1946
M,0,1947
M,2,1948
M,4,1949
F,3,1950
M,4,1951
M,3,1952
M,4,1953
M,3,1954
M,3,1955
M,4,1956
F,4,1957
M,2,1958
M,3,1959
F,3,1960
F,3,1961
F,4,1962
M,3,1963
M,3,1964
M,3,1965
F,4,1966
M,3,1967
F,4,1968
M,0,1969
M,3,1970
F,3,1971
F,3,1972
M,4,1973
M,3,1974
M,4,1975
M,3,1976
M,4,1977
M,3,1978
F,3,1979
F,3,1980
M,4,1981
M,3,1982
M,0,1983
F,3,1984
M,4,1985
M,4,1986
F,2,1987
F,3,1988
F,3,1989
M,3,1990
M,4,1991
M,3,1992
M,3,1993
F,4,1994
F,3,1995
F,3,1996
M,0,1997
M,4,1998
M,4,1999
M,4,2000
M,4,2001
M,3,2002
M,3,2003
M,4,2004
M,0,2005
F,3,2006
M,0,2007
M,0,2008
M,4,2009
F,4,2010
M,3,2011
M,3,2012
F,2,2013
M,4,2014
M,3,2015
M,3,2016
F,4,2017
M,4,2018
M,4,2019
F,3,2020
M,3,2021
M,4,2022
F,3,2023
M,3,2024
F,2,2025
F,2,2026
F,3,2027
M,0,2028
F,3,2029
M,4,2030
M,0,2031
F,3,2032
F,4,2033
M,0,2034
M,3,2035
M,4,2036
M,4,2037
M,3,2038
M,3,2039
M,0,2040
M,3,2041
M,4,2042
F,0,2043
M,2,2044
F,3,2045
M,3,2046
F,4,2047
M,4,2048
M,2,2049
M,0,2050
M,3,2051
F,3,2052
M,4,2053
F,4,2054
F,4,2055
M,4,2056
M,3,2057
M,4,2058
M,0,2059
F,3,2060
M,0,2061
M,0,2062
M,3,2063
M,4,2064
M,4,2065
M,3,2066
F,4,2067
M,3,2068
M,4,2069
M,4,2070
M,3,2071
M,3,2072
M,3,2073
F,4,2074
M,4,2075
F,0,2076
M,3,2077
F,4,2078
F,4,2079
M,4,2080
M,3,2081
M,4,2082
F,3,2083
F,0,2084
M,4,2085
M,3,2086
F,4,2087
M,4,2088
M,4,2089
F,0,2090
F,4,2091
M,4,2092
M,4,2093
F,4,2094
M,3,2095
F,4,2096
M,3,2097
F,3,2098
M,4,2099
F,4,2100
M,4,2101
M,3,2102
F,3,2103
F,3,2104
M,3,2105
M,0,2106
M,3,2107
M,3,2108
M,0,2109
M,3,2110
F,4,2111
M,4,2112
M,4,2113
M,2,2114
M,0,2115
F,4,2116
M,2,2117
M,3,2118
F,4,2119
F,3,2120
M,3,2121
M,3,2122
M,0,2123
F,3,2124
M,0,2125
M,4,2126
M,3,2127
M,2,2128
M,3,2129
F,3,2130
M,3,2131
M,4,2132
M,0,2133
M,4,2134
M,3,2135
M,4,2136
M,4,2137
F,4,2138
M,3,2139
M,4,2140
F,3,2141
M,4,2142
M,0,2143
M,3,2144
M,4,2145
F,3,2146
F,3,2147
M,3,2148
M,3,2149
M,4,2150
M,3,2151
M,4,2152
F,3,2153
M,0,2154
M,4,2155
F,4,2156
M,0,2157
F,3,2158
M,4,2159
M,4,2160
M,0,2161
M,3,2162
M,4,2163
F,2,2164
F,4,2165
F,2,2166
M,4,2167
M,0,2168
M,4,2169
M,3,2170
M,4,2171
F,3,2172
F,4,2173
M,4,2174
F,3,2175
F,4,2176
F,3,2177
F,2,2178
F,4,2179
M,3,2180
M,0,2181
F,3,2182
M,3,2183
M,5,2184
F,4,2185
M,4,2186
F,4,2187
M,3,2188
M,0,2189
M,3,2190
M,3,2191
F,3,2192
F,4,2193
M,3,2194
F,4,2195
M,4,2196
M,3,2197
M,4,2198
M,3,2199
F,4,2200
F,3,2201
M,4,2202
F,0,2203
F,0,2204
F,0,2205
F,3,2206
M,3,2207
F,4,2208
M,4,2209
M,3,2210
M,4,2211
F,4,2212
M,3,2213
F,3,2214
M,4,2215
F,4,2216
M,4,2217
M,0,2218
F,2,2219
M,4,2220
M,3,2221
M,0,2222
M,4,2223
F,3,2224
M,3,2225
F,3,2226
M,4,2227
F,2,2228
M,3,2229
M,0,2230
M,3,2231
M,0,2232
F,4,2233
F,4,2234
M,0,2235
M,0,2236
F,0,2237
M,3,2238
M,0,2239
M,0,2240
M,3,2241
M,3,2242
F,3,2243
F,0,2244
F,0,2245
M,4,2246
M,4,2247
F,3,2248
F,3,2249
F,3,2250
M,3,2251
F,3,2252
F,3,2253
M,3,2254
F,4,2255
M,4,2256
M,3,2257
M,4,2258
F,3,2259
M,4,2260
M,3,2261
F,3,2262
M,4,2263
F,3,2264
M,4,2265
M,0,2266
M,3,2267
M,3,2268
M,0,2269
M,3,2270
F,0,2271
M,3,2272
M,2,2273
M,3,2274
F,3,2275
M,4,2276
F,0,2277
M,0,2278
M,3,2279
M,2,2280
F,3,2281
M,4,2282
M,0,2283
F,3,2284
M,4,2285
M,0,2286
F,3,2287
M,5,2288
M,3,2289
F,3,2290
M,3,2291
F,3,2292
F,4,2293
M,4,2294
F,0,2295
M,3,2296
M,3,2297
M,3,2298
M,3,2299
M,4,2300
M,3,2301
M,5,2302
M,4,2303
F,0,2304
M,5,2305
M,3,2306
M,4,2307
F,3,2308
M,0,2309
M,3,2310
M,3,2311
M,3,2312
M,3,2313
M,3,2314
M,3,2315
M,4,2316
M,4,2317
M,4,2318
M,4,2319
F,3,2320
M,4,2321
M,3,2322
M,4,2323
F,4,2324
F,4,2325
F,4,2326
F,4,2327
M,0,2328
M,0,2329
M,3,2330
F,3,2331
F,3,2332
M,0,2333
M,4,2334
M,4,2335
F,4,2336
M,4,2337
M,4,2338
M,4,2339
F,3,2340
M,3,2341
M,4,2342
F,4,2343
F,3,2344
M,3,2345
F,4,2346
M,0,2347
M,3,2348
M,0,2349
M,3,2350
M,4,2351
F,0,2352
F,2,2353
M,4,2354
F,4,2355
F,3,2356
M,3,2357
M,4,2358
M,4,2359
F,4,2360
F,4,2361
F,3,2362
M,0,2363
M,4,2364
M,4,2365
F,3,2366
M,4,2367
M,0,2368
M,4,2369
F,3,2370
F,4,2371
M,3,2372
M,0,2373
F,3,2374
F,2,2375
M,2,2376
F,3,2377
M,4,2378
M,3,2379
M,4,2380
M,4,2381
M,4,2382
M,4,2383
F,3,2384
M,3,2385
M,4,2386
M,3,2387
F,0,2388
M,4,2389
M,0,2390
F,3,2391
M,0,2392
F,3,2393
M,4,2394
F,0,2395
F,3,2396
M,3,2397
M,0,2398
F,4,2399
F,4,2400
F,4,2401
M,4,2402
M,0,2403
M,3,2404
M,2,2405
F,0,2406
F,0,2407
F,0,2408
F,3,2409
F,2,2410
M,3,2411
M,4,2412
F,3,2413
M,0,2414
M,3,2415
M,4,2416
F,4,2417
F,3,2418
M,4,2419
M,3,2420
M,4,2421
M,0,2422
M,3,2423
M,3,2424
M,3,2425
F,0,2426
M,2,2427
F,3,2428
F,3,2429
M,3,2430
M,3,2431
M,4,2432
F,4,2433
M,3,2434
F,3,2435
M,3,2436
M,4,2437
M,4,2438
M,4,2439
M,3,2440
M,3,2441
M,4,2442
M,4,2443
M,0,2444
F,3,2445
F,4,2446
F,4,2447
M,3,2448
M,4,2449
F,3,2450
F,3,2451
M,4,2452
M,4,2453
F,4,2454
M,4,2455
F,4,2456
M,4,2457
M,4,2458
M,4,2459
M,4,2460
M,4,2461
M,0,2462
F,3,2463
M,2,2464
M,4,2465
M,3,2466
M,3,2467
M,4,2468
M,4,2469
M,4,2470
F,3,2471
F,4,2472
M,4,2473
M,4,2474
M,3,2475
F,5,2476
M,0,2477
M,0,2478
F,4,2479
M,3,2480
M,4,2481
M,3,2482
M,3,2483
F,3,2484
F,4,2485
F,0,2486
F,3,2487
M,2,2488
M,0,2489
M,0,2490
F,3,2491
M,3,2492
M,3,2493
M,3,2494
M,4,2495
M,3,2496
M,4,2497
M,4,2498
M,4,2499
M,0,2500
M,4,2501
M,3,2502
F,4,2503
M,3,2504
M,4,2505
M,3,2506
F,0,2507
M,3,2508
M,2,2509
M,2,2510
M,0,2511
F,4,2512
M,3,2513
F,4,2514
F,0,2515
M,3,2516
M,3,2517
F,4,2518
F,3,2519
M,4,2520
M,4,2521
M,3,2522
F,3,2523
F,2,2524
F,3,2525
M,4,2526
M,4,2527
M,4,2528
M,0,2529
M,3,2530
F,4,2531
M,0,2532
M,0,2533
M,3,2534
F,3,2535
M,4,2536
F,2,2537
M,4,2538
F,3,2539
F,4,2540
F,4,2541
M,4,2542
F,3,2543
F,3,2544
M,4,2545
M,3,2546
M,3,2547
F,3,2548
M,4,2549
M,0,2550
M,2,2551
F,4,2552
F,4,2553
M,0,2554
M,4,2555
F,3,2556
M,4,2557
M,0,2558
M,3,2559
M,4,2560
F,0,2561
F,3,2562
M,3,2563
M,3,2564
F,2,2565
M,4,2566
M,3,2567
F,3,2568
M,3,2569
F,3,2570
M,4,2571
M,4,2572
M,4,2573
M,3,2574
M,2,2575
F,3,2576
M,4,2577
M,3,2578
M,1,2579
F,4,2580
F,3,2581
M,4,2582
F,3,2583
M,4,2584
M,4,2585
M,4,2586
F,3,2587
M,4,2588
M,3,2589
M,4,2590
M,3,2591
M,0,2592
M,3,2593
M,3,2594
F,4,2595
F,3,2596
F,3,2597
F,3,2598
M,4,2599
M,0,2600
F,3,2601
M,3,2602
F,3,2603
F,2,2604
M,3,2605
F,3,2606
M,3,2607
F,3,2608
M,4,2609
M,3,2610
M,4,2611
F,3,2612
F,3,2613
M,0,2614
M,3,2615
F,3,2616
M,4,2617
M,4,2618
M,3,2619
F,3,2620
M,4,2621
M,3,2622
M,2,2623
M,0,2624
M,0,2625
F,4,2626
M,4,2627
M,4,2628
M,3,2629
M,0,2630
M,0,2631
M,0,2632
M,3,2633
F,3,2634
F,3,2635
M,4,2636
M,2,2637
M,3,2638
M,3,2639
M,3,2640
M,4,2641
M,4,2642
F,3,2643
M,3,2644
F,3,2645
M,4,2646
M,4,2647
M,4,2648
M,3,2649
M,4,2650
F,3,2651
F,4,2652
M,4,2653
M,0,2654
M,3,2655
F,4,2656
F,4,2657
F,3,2658
M,4,2659
F,4,2660
F,4,2661
F,0,2662
M,3,2663
F,3,2664
M,2,2665
F,4,2666
M,4,2667
F,3,2668
M,3,2669
M,3,2670
M,2,2671
F,4,2672
M,3,2673
F,3,2674
M,3,2675
F,3,2676
F,3,2677
F,4,2678
M,4,2679
M,0,2680
F,3,2681
F,0,2682
M,4,2683
F,0,2684
M,4,2685
F,0,2686
M,3,2687
M,0,2688
M,4,2689
M,0,2690
F,3,2691
F,3,2692
M,3,2693
F,4,2694
M,3,2695
F,3,2696
F,3,2697
F,2,2698
F,3,2699
M,3,2700
M,3,2701
M,3,2702
F,4,2703
M,3,2704
M,4,2705
F,0,2706
F,3,2707
M,4,2708
F,4,2709
M,2,2710
M,0,2711
M,4,2712
M,4,2713
F,3,2714
F,3,2715
M,0,2716
M,3,2717
M,3,2718
F,4,2719
M,3,2720
M,4,2721
M,0,2722
F,4,2723
F,3,2724
M,3,2725
M,3,2726
M,4,2727
M,3,2728
M,4,2729
F,3,2730
M,3,2731
M,0,2732
M,4,2733
M,4,2734
M,4,2735
M,4,2736
M,4,2737
M,2,2738
M,0,2739
F,3,2740
M,4,2741
M,3,2742
M,0,2743
M,2,2744
M,3,2745
M,2,2746
M,4,2747
M,3,2748
M,4,2749
F,3,2750
F,3,2751
M,0,2752
M,4,2753
M,3,2754
F,3,2755
M,4,2756
M,4,2757
M,3,2758
M,0,2759
M,3,2760
M,3,2761
M,4,2762
M,4,2763
M,4,2764
M,3,2765
M,2,2766
F,3,2767
M,3,2768
F,2,2769
F,3,2770
F,4,2771
M,4,2772
M,3,2773
M,4,2774
M,4,2775
F,2,2776
M,4,2777
M,3,2778
M,3,2779
M,0,2780
F,0,2781
F,3,2782
M,0,2783
M,0,2784
F,3,2785
M,4,2786
F,0,2787
M,3,2788
M,4,2789
F,2,2790
M,3,2791
M,3,2792
F,4,2793
M,4,2794
M,4,2795
M,3,2796
M,3,2797
M,3,2798
M,3,2799
M,4,2800
F,0,2801
M,3,2802
F,0,2803
M,0,2804
M,4,2805
F,4,2806
M,3,2807
M,4,2808
F,2,2809
F,3,2810
M,4,2811
M,3,2812
M,4,2813
M,4,2814
M,3,2815
M,0,2816
F,3,2817
F,2,2818
F,4,2819
M,3,2820
M,4,2821
M,0,2822
M,0,2823
M,4,2824
M,0,2825
M,3,2826
M,3,2827
F,4,2828
M,4,2829
M,4,2830
M,4,2831
M,0,2832
F,3,2833
M,3,2834
M,4,2835
M,0,2836
M,4,2837
M,3,2838
M,3,2839
M,4,2840
M,4,2841
M,4,2842
F,3,2843
M,3,2844
M,4,2845
F,4,2846
M,4,2847
F,0,2848
F,0,2849
M,0,2850
F,5,2851
M,3,2852
F,3,2853
F,4,2854
F,3,2855
M,0,2856
M,4,2857
M,2,2858
M,3,2859
F,3,2860
M,3,2861
F,3,2862
M,4,2863
F,0,2864
M,3,2865
M,3,2866
M,4,2867
F,4,2868
F,0,2869
F,2,2870
M,3,2871
M,4,2872
M,4,2873
F,0,2874
F,2,2875
F,4,2876
F,0,2877
M,3,2878
M,3,2879
M,4,2880
M,0,2881
M,3,2882
F,4,2883
M,4,2884
M,4,2885
F,4,2886
M,3,2887
M,4,2888
F,4,2889
M,3,2890
F,3,2891
F,0,2892
F,4,2893
M,4,2894
F,4,2895
M,3,2896
M,4,2897
M,3,2898
F,2,2899
M,3,2900
F,4,2901
M,3,2902
F,4,2903
F,0,2904
F,0,2905
M,2,2906
F,3,2907
M,0,2908
M,0,2909
M,3,2910
M,4,2911
M,3,2912
M,0,2913
M,3,2914
M,3,2915
F,4,2916
M,3,2917
M,4,2918
F,2,2919
M,3,2920
M,4,2921
M,4,2922
F,4,2923
M,0,2924
M,3,2925
M,4,2926
M,0,2927
M,4,2928
M,3,2929
M,3,2930
F,4,2931
M,3,2932
M,0,2933
M,0,2934
M,3,2935
M,4,2936
M,3,2937
F,4,2938
M,4,2939
M,4,2940
F,0,2941
M,2,2942
M,4,2943
M,0,2944
M,3,2945
M,0,2946
F,4,2947
F,0,2948
M,3,2949
F,3,2950
F,4,2951
M,4,2952
M,0,2953
F,4,2954
M,4,2955
F,4,2956
M,4,2957
F,4,2958
M,3,2959
F,0,2960
M,4,2961
F,3,2962
M,3,2963
F,0,2964
M,3,2965
F,0,2966
M,4,2967
M,4,2968
M,4,2969
M,4,2970
M,4,2971
M,4,2972
M,4,2973
M,2,2974
M,4,2975
F,0,2976
M,3,2977
M,2,2978
F,3,2979
F,0,2980
M,3,2981
M,3,2982
F,3,2983
M,4,2984
F,3,2985
M,4,2986
F,0,2987
F,3,2988
M,3,2989
M,3,2990
F,4,2991
F,3,2992
F,0,2993
M,3,2994
M,1,2995
M,3,2996
M,4,2997
F,2,2998
M,4,2999
M,3,3000
F,0,3001
F,4,3002
M,3,3003
M,3,3004
M,4,3005
M,4,3006
M,3,3007
M,4,3008
M,3,3009
M,3,3010
F,3,3011
M,4,3012
M,3,3013
F,4,3014
F,3,3015
M,4,3016
F,3,3017
M,4,3018
M,3,3019
M,3,3020
F,3,3021
F,4,3022
F,4,3023
F,4,3024
M,4,3025
F,3,3026
M,0,3027
M,0,3028
M,3,3029
M,3,3030
F,4,3031
M,3,3032
F,3,3033
M,4,3034
M,3,3035
M,4,3036
M,4,3037
M,0,3038
M,4,3039
F,4,3040
M,4,3041
M,4,3042
F,3,3043
F,3,3044
F,4,3045
M,3,3046
M,3,3047
M,4,3048
M,3,3049
M,4,3050
M,2,3051
M,0,3052
F,3,3053
M,3,3054
F,3,3055
M,2,3056
F,3,3057
M,3,3058
F,4,3059
M,3,3060
F,4,3061
M,3,3062
M,0,3063
M,3,3064
F,0,3065
M,4,3066
M,4,3067
M,3,3068
F,4,3069
M,3,3070
M,4,3071
F,4,3072
M,3,3073
M,4,3074
M,3,3075
F,4,3076
M,3,3077
M,4,3078
M,4,3079
M,4,3080
F,3,3081
M,4,3082
F,3,3083
F,3,3084
M,3,3085
M,3,3086
M,4,3087
M,4,3088
M,4,3089
F,4,3090
M,4,3091
M,3,3092
M,4,3093
M,4,3094
M,3,3095
M,4,3096
M,4,3097
M,3,3098
F,3,3099
M,3,3100
M,3,3101
M,4,3102
M,3,3103
M,0,3104
F,4,3105
M,0,3106
F,3,3107
F,3,3108
M,3,3109
M,4,3110
M,4,3111
M,4,3112
M,2,3113
M,0,3114
M,4,3115
M,3,3116
M,4,3117
M,4,3118
M,3,3119
M,5,3120
F,3,3121
M,3,3122
M,4,3123
M,4,3124
M,4,3125
M,4,3126
M,3,3127
F,4,3128
F,4,3129
M,3,3130
M,4,3131
M,4,3132
M,2,3133
F,3,3134
M,4,3135
M,3,3136
M,4,3137
F,4,3138
M,3,3139
F,3,3140
F,4,3141
M,4,3142
M,0,3143
F,4,3144
M,3,3145
M,4,3146
F,4,3147
M,4,3148
F,4,3149
F,2,3150
F,0,3151
F,3,3152
F,4,3153
M,4,3154
F,4,3155
F,3,3156
M,0,3157
M,0,3158
M,0,3159
M,3,3160
F,4,3161
M,4,3162
F,0,3163
F,3,3164
F,4,3165
F,3,3166
M,4,3167
F,4,3168
M,4,3169
F,3,3170
M,3,3171
M,0,3172
M,4,3173
F,4,3174
M,4,3175
F,4,3176
F,4,3177
F,3,3178
F,3,3179
F,4,3180
M,4,3181
M,3,3182
F,3,3183
F,3,3184
M,3,3185
M,4,3186
F,3,3187
M,2,3188
M,3,3189
F,4,3190
M,2,3191
F,3,3192
F,3,3193
M,3,3194
M,3,3195
M,2,3196
M,3,3197
F,0,3198
M,3,3199
M,3,3200
M,4,3201
M,3,3202
F,3,3203
M,3,3204
M,0,3205
M,4,3206
M,0,3207
M,3,3208
M,4,3209
M,4,3210
M,4,3211
M,3,3212
M,0,3213
M,3,3214
F,2,3215
M,4,3216
F,3,3217
F,4,3218
M,4,3219
M,0,3220
M,0,3221
F,3,3222
F,3,3223
F,4,3224
M,3,3225
M,3,3226
F,4,3227
F,4,3228
M,0,3229
M,4,3230
M,4,3231
M,4,3232
M,3,3233
M,0,3234
M,4,3235
M,3,3236
M,4,3237
M,0,3238
M,0,3239
M,3,3240
M,3,3241
M,2,3242
M,0,3243
F,4,3244
F,3,3245
M,3,3246
F,2,3247
M,0,3248
F,4,3249
M,4,3250
M,0,3251
M,4,3252
M,0,3253
M,0,3254
M,3,3255
M,4,3256
F,3,3257
M,4,3258
M,3,3259
M,0,3260
M,3,3261
M,3,3262
M,3,3263
M,4,3264
M,3,3265
F,3,3266
M,3,3267
F,2,3268
M,3,3269
M,3,3270
M,3,3271
M,0,3272
M,4,3273
F,3,3274
F,3,3275
F,4,3276
M,3,3277
F,4,3278
F,4,3279
M,3,3280
M,0,3281
F,3,3282
M,3,3283
M,3,3284
M,3,3285
F,4,3286
F,4,3287
F,4,3288
F,4,3289
M,4,3290
F,3,3291
M,0,3292
M,4,3293
M,4,3294
F,3,3295
F,0,3296
F,4,3297
M,3,3298
F,3,3299
M,2,3300
F,3,3301
M,4,3302
M,3,3303
F,3,3304
M,3,3305
M,0,3306
M,3,3307
F,4,3308
M,3,3309
M,0,3310
F,0,3311
M,3,3312
M,4,3313
M,4,3314
F,4,3315
M,4,3316
F,4,3317
F,0,3318
M,4,3319
M,4,3320
M,4,3321
F,3,3322
F,3,3323
M,2,3324
F,3,3325
F,4,3326
F,4,3327
M,0,3328
F,3,3329
M,4,3330
F,4,3331
M,3,3332
F,4,3333
F,4,3334
M,3,3335
F,3,3336
M,4,3337
F,0,3338
M,0,3339
M,4,3340
M,4,3341
M,0,3342
F,4,3343
M,3,3344
M,4,3345
M,4,3346
M,3,3347
M,3,3348
M,4,3349
M,4,3350
M,3,3351
M,3,3352
F,3,3353
M,4,3354
M,3,3355
M,3,3356
M,4,3357
M,3,3358
M,3,3359
M,2,3360
M,0,3361
M,3,3362
F,4,3363
M,4,3364
F,3,3365
M,3,3366
F,3,3367
M,0,3368
F,3,3369
F,3,3370
M,3,3371
F,4,3372
M,3,3373
M,3,3374
M,4,3375
F,3,3376
M,3,3377
M,0,3378
M,3,3379
F,3,3380
M,3,3381
F,4,3382
M,4,3383
F,4,3384
M,4,3385
F,3,3386
M,4,3387
M,3,3388
F,4,3389
M,0,3390
M,0,3391
M,4,3392
F,3,3393
F,2,3394
M,4,3395
F,4,3396
M,4,3397
F,4,3398
F,0,3399
M,3,3400
M,4,3401
F,4,3402
F,4,3403
F,4,3404
M,4,3405
M,4,3406
F,4,3407
F,3,3408
M,4,3409
M,3,3410
M,3,3411
M,3,3412
M,3,3413
M,4,3414
F,3,3415
M,3,3416
F,3,3417
M,3,3418
M,3,3419
M,0,3420
F,3,3421
M,3,3422
M,0,3423
M,4,3424
M,4,3425
F,2,3426
M,3,3427
F,0,3428
F,2,3429
F,4,3430
M,3,3431
M,3,3432
F,3,3433
M,4,3434
F,3,3435
F,2,3436
M,4,3437
M,3,3438
F,2,3439
M,4,3440
M,3,3441
M,3,3442
M,4,3443
M,4,3444
M,3,3445
M,3,3446
M,0,3447
M,4,3448
M,3,3449
F,3,3450
F,3,3451
M,3,3452
M,3,3453
M,3,3454
F,3,3455
M,4,3456
M,3,3457
M,3,3458
F,3,3459
M,3,3460
M,4,3461
M,3,3462
F,3,3463
M,3,3464
M,3,3465
M,2,3466
F,4,3467
M,3,3468
F,4,3469
M,0,3470
M,2,3471
M,4,3472
M,3,3473
F,3,3474
F,2,3475
M,4,3476
M,4,3477
F,3,3478
M,4,3479
M,3,3480
M,3,3481
F,0,3482
M,0,3483
M,0,3484
F,3,3485
F,3,3486
M,0,3487
M,3,3488
F,4,3489
M,4,3490
F,3,3491
M,3,3492
M,4,3493
M,4,3494
M,4,3495
M,3,3496
M,3,3497
M,4,3498
M,4,3499
M,0,3500
M,4,3501
M,0,3502
M,3,3503
F,2,3504
M,4,3505
M,3,3506
F,4,3507
F,0,3508
F,0,3509
M,4,3510
F,2,3511
M,4,3512
M,3,3513
F,4,3514
M,3,3515
M,3,3516
M,4,3517
M,4,3518
F,2,3519
F,4,3520
F,3,3521
M,0,3522
M,0,3523
M,4,3524
F,4,3525
M,3,3526
M,4,3527
M,4,3528
M,4,3529
F,0,3530
M,3,3531
F,3,3532
M,3,3533
M,3,3534
F,3,3535
F,4,3536
M,3,3537
M,3,3538
M,4,3539
M,0,3540
F,3,3541
F,3,3542
M,4,3543
M,4,3544
F,4,3545
M,4,3546
M,4,3547
M,3,3548
F,3,3549
M,3,3550
F,4,3551
F,3,3552
M,4,3553
F,4,3554
F,3,3555
F,4,3556
F,4,3557
F,3,3558
M,3,3559
M,4,3560
F,4,3561
F,4,3562
F,2,3563
F,3,3564
M,3,3565
F,4,3566
M,3,3567
M,4,3568
F,3,3569
M,3,3570
M,3,3571
M,0,3572
M,3,3573
M,3,3574
M,3,3575
M,0,3576
M,4,3577
M,2,3578
M,4,3579
M,4,3580
M,4,3581
F,0,3582
M,3,3583
F,3,3584
M,3,3585
F,0,3586
M,3,3587
M,3,3588
M,3,3589
M,4,3590
F,4,3591
M,3,3592
M,3,3593
M,0,3594
M,2,3595
M,3,3596
M,4,3597
F,4,3598
F,3,3599
M,3,3600
F,0,3601
F,2,3602
M,4,3603
M,4,3604
M,4,3605
M,5,3606
F,3,3607
F,4,3608
F,3,3609
M,4,3610
M,2,3611
F,3,3612
M,4,3613
M,3,3614
M,4,3615
M,4,3616
F,4,3617
M,4,3618
F,2,3619
F,4,3620
F,3,3621
M,4,3622
F,4,3623
M,0,3624
M,4,3625
F,0,3626
M,4,3627
F,0,3628
M,4,3629
M,3,3630
M,4,3631
M,0,3632
M,2,3633
M,4,3634
F,3,3635
M,3,3636
M,3,3637
M,4,3638
M,4,3639
M,4,3640
M,3,3641
F,2,3642
M,4,3643
M,4,3644
M,3,3645
F,4,3646
F,3,3647
F,0,3648
F,4,3649
M,4,3650
F,0,3651
M,4,3652
M,3,3653
F,3,3654
M,4,3655
F,3,3656
M,0,3657
M,4,3658
F,4,3659
F,4,3660
F,3,3661
M,4,3662
M,0,3663
M,0,3664
F,3,3665
M,3,3666
M,0,3667
M,4,3668
M,4,3669
F,3,3670
M,3,3671
M,3,3672
F,4,3673
M,3,3674
F,4,3675
M,3,3676
F,3,3677
M,3,3678
F,0,3679
M,4,3680
M,3,3681
M,3,3682
F,4,3683
M,3,3684
M,0,3685
M,0,3686
M,0,3687
M,2,3688
F,4,3689
F,0,3690
M,0,3691
M,0,3692
F,3,3693
F,4,3694
M,4,3695
F,0,3696
F,4,3697
M,0,3698
F,3,3699
M,3,3700
F,0,3701
M,3,3702
F,0,3703
M,0,3704
M,3,3705
F,4,3706
F,3,3707
M,0,3708
F,4,3709
M,4,3710
F,4,3711
F,3,3712
M,4,3713
M,4,3714
M,3,3715
M,3,3716
M,4,3717
M,4,3718
M,3,3719
F,4,3720
F,0,3721
M,4,3722
M,4,3723
F,4,3724
F,3,3725
M,4,3726
M,3,3727
F,3,3728
M,3,3729
F,3,3730
M,4,3731
M,0,3732
F,0,3733
M,4,3734
M,4,3735
M,3,3736
M,2,3737
F,4,3738
M,3,3739
M,4,3740
F,4,3741
M,3,3742
F,0,3743
M,3,3744
M,4,3745
M,3,3746
M,4,3747
M,2,3748
M,3,3749
F,3,3750
F,3,3751
M,3,3752
F,0,3753
F,2,3754
F,3,3755
M,3,3756
F,3,3757
M,0,3758
M,4,3759
M,4,3760
M,4,3761
M,4,3762
M,4,3763
M,4,3764
F,4,3765
M,4,3766
M,0,3767
M,3,3768
M,3,3769
M,4,3770
M,4,3771
M,2,3772
M,3,3773
M,3,3774
M,4,3775
M,4,3776
F,4,3777
F,4,3778
M,0,3779
M,3,3780
F,4,3781
M,4,3782
M,4,3783
M,3,3784
M,4,3785
F,3,3786
M,0,3787
M,4,3788
M,4,3789
F,2,3790
M,2,3791
F,3,3792
M,4,3793
M,3,3794
M,3,3795
M,3,3796
M,2,3797
M,3,3798
M,4,3799
F,3,3800
F,3,3801
M,4,3802
M,4,3803
M,4,3804
M,4,3805
M,4,3806
M,0,3807
M,0,3808
M,4,3809
F,2,3810
M,2,3811
F,3,3812
M,1,3813
F,4,3814
F,4,3815
M,4,3816
F,3,3817
M,3,3818
M,4,3819
M,3,3820
M,0,3821
M,4,3822
M,4,3823
M,3,3824
M,3,3825
F,4,3826
M,3,3827
M,3,3828
M,0,3829
F,3,3830
M,4,3831
M,5,3832
M,3,3833
M,3,3834
M,4,3835
M,4,3836
F,4,3837
F,4,3838
M,4,3839
F,3,3840
M,4,3841
M,4,3842
F,4,3843
F,4,3844
F,4,3845
M,4,3846
M,3,3847
M,4,3848
M,3,3849
M,4,3850
M,3,3851
M,4,3852
M,3,3853
F,0,3854
M,4,3855
F,4,3856
M,4,3857
F,0,3858
M,4,3859
M,4,3860
M,4,3861
F,2,3862
F,4,3863
M,4,3864
M,0,3865
F,4,3866
M,4,3867
M,3,3868
F,0,3869
M,0,3870
F,3,3871
M,3,3872
F,3,3873
F,0,3874
M,2,3875
F,3,3876
F,4,3877
M,4,3878
F,0,3879
M,4,3880
M,4,3881
M,3,3882
F,0,3883
M,4,3884
M,4,3885
M,3,3886
F,4,3887
M,3,3888
F,4,3889
M,4,3890
F,4,3891
M,3,3892
F,3,3893
M,3,3894
M,4,3895
F,3,3896
M,0,3897
M,3,3898
F,4,3899
M,0,3900
M,4,3901
F,4,3902
F,3,3903
M,4,3904
M,4,3905
M,4,3906
M,4,3907
F,4,3908
M,3,3909
F,3,3910
M,4,3911
F,4,3912
M,3,3913
M,4,3914
F,3,3915
M,3,3916
F,4,3917
M,4,3918
M,0,3919
F,4,3920
M,0,3921
M,4,3922
F,0,3923
F,3,3924
M,4,3925
F,3,3926
M,4,3927
M,3,3928
F,4,3929
M,4,3930
M,3,3931
F,3,3932
M,3,3933
M,0,3934
M,0,3935
F,4,3936
F,3,3937
M,3,3938
M,3,3939
M,4,3940
F,3,3941
M,0,3942
F,4,3943
M,3,3944
F,3,3945
F,0,3946
M,4,3947
F,3,3948
M,2,3949
M,2,3950
F,2,3951
F,4,3952
M,4,3953
M,2,3954
M,0,3955
M,3,3956
M,4,3957
M,0,3958
F,3,3959
F,4,3960
M,3,3961
F,4,3962
M,3,3963
F,3,3964
M,3,3965
F,4,3966
F,3,3967
M,3,3968
M,4,3969
F,3,3970
M,0,3971
M,4,3972
M,4,3973
M,4,3974
M,4,3975
M,4,3976
M,3,3977
M,3,3978
M,5,3979
M,4,3980
M,0,3981
M,3,3982
M,2,3983
M,4,3984
M,4,3985
M,4,3986
M,4,3987
F,3,3988
M,4,3989
M,3,3990
M,4,3991
F,3,3992
F,4,3993
F,3,3994
M,4,3995
M,3,3996
M,4,3997
F,3,3998
M,0,3999
F,0,4000
M,3,4001
M,3,4002
M,3,4003
M,0,4004
M,0,4005
F,4,4006
M,4,4007
M,4,4008
M,3,4009
F,3,4010
M,4,4011
M,4,4012
F,0,4013
M,4,4014
F,4,4015
M,2,4016
M,4,4017
M,4,4018
M,3,4019
F,4,4020
F,4,4021
F,3,4022
M,4,4023
F,3,4024
F,3,4025
F,0,4026
M,4,4027
M,4,4028
M,3,4029
F,4,4030
F,0,4031
F,3,4032
M,3,4033
F,4,4034
M,0,4035
M,3,4036
F,4,4037
F,2,4038
M,4,4039
M,3,4040
M,3,4041
M,4,4042
M,0,4043
M,0,4044
F,3,4045
M,3,4046
M,3,4047
M,3,4048
F,4,4049
F,0,4050
M,3,4051
M,0,4052
F,0,4053
F,3,4054
M,3,4055
M,4,4056
M,3,4057
F,4,4058
F,3,4059
F,3,4060
F,4,4061
F,0,4062
M,1,4063
F,4,4064
F,3,4065
M,4,4066
M,4,4067
F,3,4068
M,4,4069
M,4,4070
F,4,4071
M,0,4072
M,4,4073
M,0,4074
M,4,4075
M,4,4076
M,4,4077
M,2,4078
M,4,4079
F,4,4080
F,4,4081
F,0,4082
F,4,4083
M,0,4084
F,4,4085
M,3,4086
F,3,4087
F,4,4088
F,4,4089
M,4,4090
M,2,4091
M,4,4092
M,3,4093
F,0,4094
M,4,4095
M,4,4096
M,4,4097
F,3,4098
M,4,4099
M,4,4100
F,3,4101
F,0,4102
M,4,4103
M,4,4104
F,0,4105
M,3,4106
F,4,4107
F,4,4108
M,0,4109
M,4,4110
F,0,4111
M,4,4112
M,3,4113
F,4,4114
F,4,4115
M,4,4116
F,4,4117
M,4,4118
M,3,4119
M,3,4120
M,0,4121
M,2,4122
M,3,4123
M,4,4124
M,3,4125
F,3,4126
F,3,4127
M,2,4128
F,4,4129
M,3,4130
F,4,4131
M,4,4132
F,0,4133
M,3,4134
M,4,4135
F,0,4136
F,0,4137
M,3,4138
M,4,4139
F,0,4140
F,3,4141
F,4,4142
F,4,4143
M,0,4144
M,4,4145
M,4,4146
F,4,4147
M,3,4148
F,4,4149
M,3,4150
F,2,4151
F,4,4152
F,0,4153
F,4,4154
F,4,4155
F,3,4156
F,4,4157
M,4,4158
F,3,4159
M,4,4160
F,4,4161
M,4,4162
M,3,4163
M,4,4164
M,3,4165
M,3,4166
M,3,4167
M,3,4168
F,4,4169
M,0,4170
M,4,4171
M,4,4172
F,4,4173
F,0,4174
M,3,4175
M,4,4176
M,4,4177
F,3,4178
F,4,4179
F,3,4180
F,2,4181
F,4,4182
F,3,4183
M,3,4184
M,3,4185
M,4,4186
M,0,4187
F,5,4188
F,4,4189
M,0,4190
M,3,4191
M,4,4192
M,3,4193
F,3,4194
M,3,4195
F,3,4196
F,3,4197
M,3,4198
M,3,4199
M,0,4200
M,4,4201
M,0,4202
M,4,4203
M,4,4204
M,3,4205
M,0,4206
M,0,4207
M,4,4208
M,2,4209
M,4,4210
M,0,4211
M,4,4212
M,3,4213
M,4,4214
M,4,4215
M,3,4216
F,3,4217
M,4,4218
M,0,4219
M,4,4220
F,3,4221
F,3,4222
F,3,4223
M,3,4224
M,3,4225
M,3,4226
F,3,4227
F,3,4228
M,4,4229
M,4,4230
M,0,4231
F,3,4232
F,3,4233
M,0,4234
M,4,4235
M,0,4236
M,0,4237
M,2,4238
M,4,4239
M,3,4240
F,0,4241
M,3,4242
M,3,4243
F,3,4244
M,4,4245
M,0,4246
M,4,4247
M,3,4248
F,3,4249
M,3,4250
M,3,4251
M,4,4252
M,3,4253
F,3,4254
M,2,4255
M,3,4256
M,0,4257
M,0,4258
F,4,4259
M,3,4260
M,4,4261
M,0,4262
M,4,4263
F,3,4264
M,3,4265
M,0,4266
M,4,4267
M,3,4268
F,4,4269
M,0,4270
M,3,4271
M,0,4272
M,3,4273
F,4,4274
M,4,4275
M,3,4276
F,0,4277
F,3,4278
M,4,4279
F,3,4280
M,3,4281
F,3,4282
F,3,4283
M,3,4284
F,3,4285
M,3,4286
F,3,4287
M,0,4288
F,4,4289
M,5,4290
F,0,4291
M,3,4292
M,4,4293
M,3,4294
M,4,4295
M,4,4296
M,0,4297
M,4,4298
M,3,4299
M,3,4300
F,4,4301
M,5,4302
F,4,4303
M,3,4304
M,4,4305
F,4,4306
M,2,4307
M,4,4308
M,4,4309
F,4,4310
M,0,4311
F,3,4312
M,0,4313
M,4,4314
M,3,4315
M,3,4316
M,3,4317
M,3,4318
M,3,4319
M,3,4320
M,4,4321
F,4,4322
M,3,4323
M,3,4324
M,4,4325
F,3,4326
F,0,4327
F,3,4328
M,4,4329
M,4,4330
M,3,4331
M,4,4332
M,3,4333
M,3,4334
M,3,4335
M,3,4336
M,3,4337
M,4,4338
M,4,4339
F,0,4340
M,4,4341
F,3,4342
M,4,4343
M,3,4344
M,4,4345
F,3,4346
F,3,4347
M,0,4348
F,4,4349
F,3,4350
M,4,4351
M,3,4352
F,3,4353
M,4,4354
F,0,4355
F,3,4356
M,0,4357
M,4,4358
M,4,4359
F,3,4360
M,0,4361
F,3,4362
M,3,4363
M,3,4364
F,4,4365
M,3,4366
F,3,4367
M,3,4368
M,0,4369
M,4,4370
M,4,4371
M,4,4372
F,0,4373
F,3,4374
M,3,4375
M,3,4376
F,4,4377
M,4,4378
F,3,4379
M,0,4380
F,4,4381
F,3,4382
F,3,4383
M,4,4384
M,4,4385
M,4,4386
F,3,4387
M,0,4388
F,3,4389
M,3,4390
F,4,4391
F,2,4392
F,0,4393
F,3,4394
M,4,4395
F,4,4396
F,1,4397
M,3,4398
M,4,4399
M,4,4400
F,0,4401
M,3,4402
M,3,4403
M,3,4404
M,0,4405
F,3,4406
F,3,4407
F,4,4408
M,3,4409
M,3,4410
M,3,4411
M,3,4412
F,4,4413
F,3,4414
F,4,4415
M,3,4416
M,3,4417
M,4,4418
M,3,4419
M,4,4420
F,4,4421
M,4,4422
F,4,4423
M,3,4424
M,4,4425
M,4,4426
M,3,4427
M,3,4428
F,4,4429
M,0,4430
M,3,4431
F,3,4432
F,4,4433
M,4,4434
M,0,4435
F,4,4436
M,4,4437
M,3,4438
M,3,4439
M,4,4440
M,3,4441
M,3,4442
M,2,4443
M,3,4444
F,3,4445
M,3,4446
F,3,4447
M,4,4448
M,3,4449
M,3,4450
M,0,4451
M,3,4452
F,0,4453
F,4,4454
M,2,4455
M,2,4456
M,4,4457
M,4,4458
F,4,4459
F,0,4460
F,3,4461
M,3,4462
F,3,4463
M,3,4464
F,0,4465
M,4,4466
M,4,4467
M,3,4468
M,0,4469
M,3,4470
F,3,4471
F,4,4472
F,4,4473
M,0,4474
M,3,4475
M,3,4476
F,3,4477
M,4,4478
F,3,4479
F,3,4480
M,4,4481
M,3,4482
M,3,4483
F,4,4484
M,3,4485
F,0,4486
M,2,4487
M,3,4488
M,3,4489
M,4,4490
M,3,4491
F,4,4492
M,3,4493
M,4,4494
M,3,4495
M,4,4496
M,3,4497
M,4,4498
M,4,4499
M,3,4500
F,4,4501
M,0,4502
M,0,4503
F,3,4504
F,3,4505
M,2,4506
M,0,4507
M,3,4508
F,4,4509
M,4,4510
F,0,4511
M,3,4512
M,4,4513
F,0,4514
M,3,4515
F,3,4516
M,0,4517
M,4,4518
M,4,4519
M,3,4520
F,4,4521
M,0,4522
M,4,4523
M,4,4524
F,4,4525
F,4,4526
M,4,4527
M,3,4528
F,3,4529
M,3,4530
M,3,4531
M,4,4532
M,1,4533
M,3,4534
F,3,4535
F,0,4536
M,4,4537
M,3,4538
F,3,4539
F,3,4540
M,3,4541
M,3,4542
M,0,4543
M,3,4544
M,4,4545
F,4,4546
M,4,4547
M,3,4548
M,3,4549
M,3,4550
M,3,4551
F,3,4552
M,3,4553
F,4,4554
M,3,4555
M,0,4556
F,4,4557
M,4,4558
M,4,4559
F,3,4560
M,3,4561
F,4,4562
M,3,4563
M,4,4564
M,3,4565
F,4,4566
M,4,4567
F,4,4568
M,4,4569
F,4,4570
F,3,4571
M,3,4572
F,4,4573
F,3,4574
M,3,4575
M,3,4576
F,3,4577
F,3,4578
M,4,4579
F,3,4580
M,3,4581
M,0,4582
M,1,4583
M,4,4584
M,4,4585
F,4,4586
M,4,4587
F,3,4588
M,4,4589
F,3,4590
M,2,4591
M,3,4592
M,3,4593
M,4,4594
M,4,4595
M,3,4596
M,4,4597
F,4,4598
M,4,4599
M,3,4600
M,4,4601
M,3,4602
M,3,4603
M,2,4604
M,4,4605
M,4,4606
M,0,4607
M,3,4608
M,4,4609
M,4,4610
M,3,4611
F,3,4612
M,3,4613
M,4,4614
F,3,4615
M,3,4616
F,3,4617
F,3,4618
M,3,4619
M,4,4620
F,3,4621
M,3,4622
F,3,4623
M,4,4624
M,4,4625
M,3,4626
M,3,4627
M,4,4628
M,0,4629
M,4,4630
F,3,4631
M,3,4632
M,3,4633
M,0,4634
M,3,4635
M,3,4636
M,4,4637
M,3,4638
M,3,4639
M,3,4640
M,3,4641
M,3,4642
M,3,4643
M,0,4644
M,4,4645
M,4,4646
M,3,4647
F,0,4648
M,3,4649
M,3,4650
M,3,4651
F,3,4652
M,4,4653
F,0,4654
F,2,4655
M,4,4656
M,4,4657
M,3,4658
M,4,4659
M,0,4660
M,3,4661
M,3,4662
F,0,4663
F,3,4664
M,3,4665
F,4,4666
M,2,4667
M,3,4668
M,3,4669
M,0,4670
M,3,4671
M,4,4672
M,4,4673
F,3,4674
M,3,4675
M,2,4676
M,0,4677
M,0,4678
F,0,4679
M,3,4680
M,3,4681
F,3,4682
F,4,4683
M,3,4684
M,0,4685
M,4,4686
F,3,4687
M,3,4688
M,3,4689
M,4,4690
F,4,4691
F,3,4692
F,0,4693
F,4,4694
M,4,4695
F,0,4696
M,3,4697
M,3,4698
M,3,4699
M,3,4700
F,0,4701
M,3,4702
M,3,4703
M,4,4704
M,4,4705
M,3,4706
M,0,4707
F,4,4708
M,4,4709
M,0,4710
M,0,4711
F,3,4712
M,3,4713
M,4,4714
M,4,4715
M,3,4716
M,0,4717
M,0,4718
M,0,4719
F,4,4720
F,2,4721
F,4,4722
M,4,4723
M,3,4724
F,3,4725
M,3,4726
M,3,4727
M,4,4728
F,3,4729
M,0,4730
M,3,4731
M,4,4732
M,3,4733
F,4,4734
F,0,4735
M,3,4736
M,3,4737
M,4,4738
F,4,4739
M,2,4740
M,0,4741
M,4,4742
M,3,4743
M,3,4744
F,4,4745
M,4,4746
F,4,4747
M,5,4748
M,3,4749
M,4,4750
M,4,4751
M,3,4752
M,0,4753
M,4,4754
M,3,4755
M,5,4756
M,4,4757
M,3,4758
F,0,4759
M,0,4760
F,4,4761
M,0,4762
M,4,4763
M,4,4764
M,2,4765
F,4,4766
M,0,4767
M,3,4768
M,0,4769
F,3,4770
M,3,4771
M,0,4772
F,4,4773
M,4,4774
M,4,4775
M,4,4776
F,3,4777
M,0,4778
F,4,4779
M,3,4780
F,0,4781
M,4,4782
M,0,4783
M,3,4784
M,3,4785
M,3,4786
F,4,4787
M,3,4788
F,3,4789
M,2,4790
M,4,4791
M,4,4792
F,3,4793
M,4,4794
M,3,4795
F,3,4796
M,4,4797
F,0,4798
M,0,4799
M,3,4800
F,4,4801
M,3,4802
M,4,4803
F,3,4804
F,4,4805
M,4,4806
F,3,4807
F,3,4808
F,3,4809
M,3,4810
F,4,4811
F,4,4812
M,2,4813
M,3,4814
M,4,4815
F,0,4816
F,4,4817
M,4,4818
M,4,4819
M,0,4820
M,4,4821
F,0,4822
M,0,4823
F,3,4824
M,4,4825
F,4,4826
M,4,4827
F,4,4828
M,4,4829
M,3,4830
M,4,4831
M,3,4832
F,3,4833
M,0,4834
M,3,4835
M,4,4836
F,2,4837
F,4,4838
F,3,4839
M,4,4840
M,3,4841
M,3,4842
F,0,4843
M,3,4844
M,3,4845
F,4,4846
M,3,4847
M,4,4848
M,4,4849
M,3,4850
M,0,4851
F,3,4852
M,0,4853
M,4,4854
M,4,4855
M,3,4856
M,3,4857
M,3,4858
F,4,4859
F,4,4860
F,4,4861
M,4,4862
M,4,4863
M,0,4864
M,2,4865
F,4,4866
F,3,4867
M,3,4868
M,4,4869
M,3,4870
F,3,4871
M,0,4872
F,4,4873
F,4,4874
F,0,4875
F,0,4876
F,3,4877
M,3,4878
M,4,4879
M,3,4880
F,3,4881
F,2,4882
M,3,4883
M,3,4884
F,0,4885
M,0,4886
M,0,4887
M,4,4888
M,4,4889
M,3,4890
M,4,4891
M,0,4892
M,3,4893
F,0,4894
M,3,4895
M,3,4896
M,3,4897
M,3,4898
M,4,4899
M,2,4900
F,0,4901
M,4,4902
M,0,4903
M,4,4904
M,4,4905
M,0,4906
M,0,4907
M,3,4908
F,4,4909
M,4,4910
M,3,4911
M,4,4912
M,4,4913
M,3,4914
F,4,4915
M,4,4916
M,0,4917
M,3,4918
M,3,4919
F,4,4920
F,3,4921
F,2,4922
F,0,4923
M,4,4924
M,3,4925
M,3,4926
M,3,4927
M,4,4928
M,3,4929
M,4,4930
M,4,4931
M,4,4932
M,4,4933
M,4,4934
M,4,4935
M,4,4936
M,3,4937
F,3,4938
F,2,4939
F,3,4940
F,0,4941
F,4,4942
F,4,4943
M,4,4944
M,3,4945
F,0,4946
M,3,4947
F,4,4948
M,4,4949
M,0,4950
M,3,4951
F,3,4952
M,4,4953
F,0,4954
F,4,4955
M,3,4956
F,3,4957
M,4,4958
M,4,4959
M,3,4960
F,3,4961
M,3,4962
M,3,4963
F,3,4964
M,3,4965
F,4,4966
F,4,4967
M,0,4968
M,4,4969
M,3,4970
M,3,4971
M,4,4972
F,4,4973
M,4,4974
F,4,4975
F,0,4976
M,4,4977
M,3,4978
M,3,4979
F,3,4980
M,3,4981
F,3,4982
M,4,4983
F,0,4984
M,4,4985
F,3,4986
F,0,4987
M,0,4988
F,0,4989
F,4,4990
F,3,4991
M,4,4992
M,3,4993
M,4,4994
F,2,4995
F,2,4996
M,3,4997
M,4,4998
M,4,4999
M,4,5000
F,4,5001
M,0,5002
F,0,5003
M,4,5004
M,3,5005
F,4,5006
F,3,5007
M,4,5008
F,4,5009
M,2,5010
M,3,5011
M,2,5012
F,3,5013
M,3,5014
M,3,5015
M,4,5016
M,0,5017
M,4,5018
F,3,5019
F,3,5020
M,3,5021
F,4,5022
M,4,5023
F,3,5024
M,3,5025
M,3,5026
M,4,5027
M,3,5028
M,0,5029
M,4,5030
F,4,5031
M,4,5032
M,2,5033
F,3,5034
F,2,5035
F,4,5036
M,3,5037
M,4,5038
M,2,5039
M,3,5040
M,3,5041
M,2,5042
M,4,5043
M,3,5044
M,3,5045
F,3,5046
F,4,5047
F,3,5048
M,4,5049
M,4,5050
F,4,5051
M,3,5052
M,0,5053
F,3,5054
M,3,5055
M,4,5056
M,0,5057
M,4,5058
M,3,5059
F,4,5060
F,3,5061
F,4,5062
F,3,5063
M,2,5064
M,3,5065
M,4,5066
F,0,5067
M,4,5068
M,3,5069
M,0,5070
M,3,5071
F,3,5072
M,0,5073
F,4,5074
F,4,5075
M,4,5076
F,3,5077
F,3,5078
F,4,5079
F,4,5080
M,4,5081
F,2,5082
M,3,5083
M,4,5084
M,0,5085
M,4,5086
M,3,5087
M,4,5088
F,4,5089
M,3,5090
F,2,5091
F,4,5092
M,3,5093
F,0,5094
F,4,5095
M,3,5096
M,0,5097
M,4,5098
M,3,5099
M,0,5100
M,3,5101
F,4,5102
M,4,5103
M,3,5104
M,3,5105
M,3,5106
M,3,5107
M,0,5108
M,4,5109
M,4,5110
M,0,5111
F,0,5112
M,3,5113
F,0,5114
F,4,5115
M,4,5116
M,2,5117
F,4,5118
F,3,5119
F,4,5120
M,3,5121
M,3,5122
M,2,5123
F,4,5124
M,4,5125
F,4,5126
F,4,5127
M,2,5128
M,4,5129
F,4,5130
F,3,5131
M,4,5132
F,0,5133
F,3,5134
M,3,5135
M,3,5136
F,3,5137
F,4,5138
F,4,5139
M,0,5140
M,0,5141
M,3,5142
M,2,5143
M,0,5144
F,2,5145
M,4,5146
M,3,5147
M,3,5148
M,4,5149
F,4,5150
M,3,5151
F,3,5152
F,3,5153
M,4,5154
M,0,5155
F,3,5156
M,4,5157
M,4,5158
M,3,5159
F,4,5160
M,3,5161
M,4,5162
M,3,5163
M,4,5164
M,3,5165
F,3,5166
F,0,5167
M,4,5168
F,4,5169
M,0,5170
M,0,5171
M,4,5172
F,3,5173
M,0,5174
M,3,5175
F,4,5176
F,3,5177
M,4,5178
M,3,5179
M,3,5180
F,4,5181
M,4,5182
M,4,5183
M,3,5184
M,4,5185
M,3,5186
M,4,5187
M,3,5188
M,2,5189
M,3,5190
M,3,5191
M,0,5192
F,4,5193
M,0,5194
F,3,5195
M,0,5196
M,3,5197
M,2,5198
M,2,5199
F,3,5200
M,3,5201
M,0,5202
M,4,5203
M,4,5204
M,4,5205
M,0,5206
M,3,5207
M,4,5208
M,2,5209
M,4,5210
M,4,5211
F,4,5212
M,4,5213
M,3,5214
M,4,5215
M,4,5216
F,3,5217
M,4,5218
F,3,5219
M,0,5220
M,3,5221
M,4,5222
M,4,5223
F,4,5224
M,0,5225
M,3,5226
M,4,5227
F,3,5228
F,3,5229
F,3,5230
M,3,5231
M,3,5232
M,3,5233
M,4,5234
F,3,5235
M,3,5236
M,4,5237
M,4,5238
F,4,5239
M,4,5240
M,0,5241
M,3,5242
M,3,5243
M,0,5244
F,3,5245
M,4,5246
F,3,5247
F,3,5248
M,3,5249
M,4,5250
M,4,5251
M,4,5252
M,3,5253
M,0,5254
M,3,5255
M,3,5256
M,3,5257
M,0,5258
F,3,5259
F,3,5260
F,3,5261
M,4,5262
M,4,5263
M,3,5264
M,4,5265
M,3,5266
M,3,5267
M,4,5268
M,4,5269
M,3,5270
M,4,5271
M,4,5272
F,3,5273
M,3,5274
M,2,5275
M,3,5276
F,0,5277
M,4,5278
M,3,5279
F,4,5280
M,3,5281
F,0,5282
M,0,5283
F,4,5284
M,3,5285
M,4,5286
F,4,5287
M,4,5288
M,4,5289
M,3,5290
F,0,5291
F,3,5292
M,4,5293
F,4,5294
M,3,5295
M,3,5296
F,3,5297
M,3,5298
F,3,5299
F,3,5300
M,4,5301
F,3,5302
F,4,5303
M,3,5304
F,3,5305
M,3,5306
M,2,5307
M,4,5308
M,4,5309
M,4,5310
M,4,5311
F,3,5312
F,3,5313
M,0,5314
M,4,5315
M,3,5316
M,0,5317
M,4,5318
M,4,5319
M,3,5320
M,4,5321
M,3,5322
M,0,5323
M,3,5324
M,4,5325
M,4,5326
M,4,5327
M,3,5328
M,3,5329
M,2,5330
M,0,5331
M,3,5332
M,0,5333
M,3,5334
M,0,5335
F,3,5336
M,3,5337
M,3,5338
M,4,5339
M,3,5340
F,3,5341
M,0,5342
M,4,5343
M,4,5344
M,4,5345
M,4,5346
F,4,5347
M,0,5348
M,3,5349
F,3,5350
M,3,5351
M,3,5352
M,4,5353
M,3,5354
F,3,5355
M,5,5356
F,4,5357
M,4,5358
M,3,5359
M,4,5360
M,0,5361
F,0,5362
F,4,5363
M,4,5364
M,2,5365
M,0,5366
M,0,5367
F,4,5368
M,4,5369
M,4,5370
M,3,5371
M,3,5372
M,0,5373
M,3,5374
M,2,5375
F,3,5376
M,3,5377
M,3,5378
M,2,5379
F,4,5380
M,0,5381
M,3,5382
M,4,5383
M,3,5384
M,3,5385
F,4,5386
M,3,5387
M,3,5388
F,4,5389
M,0,5390
M,3,5391
F,3,5392
F,3,5393
M,0,5394
M,4,5395
M,3,5396
F,4,5397
M,3,5398
M,0,5399
M,2,5400
F,3,5401
M,3,5402
F,3,5403
M,3,5404
F,3,5405
M,4,5406
M,3,5407
F,0,5408
M,3,5409
F,3,5410
M,3,5411
F,0,5412
F,0,5413
F,4,5414
F,4,5415
M,4,5416
M,4,5417
F,4,5418
M,0,5419
F,4,5420
M,4,5421
M,4,5422
M,4,5423
M,3,5424
M,5,5425
M,4,5426
M,3,5427
F,4,5428
F,0,5429
F,4,5430
M,3,5431
M,3,5432
M,4,5433
F,4,5434
M,3,5435
F,4,5436
M,0,5437
M,3,5438
M,4,5439
M,3,5440
F,3,5441
M,3,5442
M,4,5443
F,3,5444
M,3,5445
F,3,5446
M,3,5447
M,3,5448
M,4,5449
M,4,5450
M,4,5451
F,3,5452
M,4,5453
M,3,5454
F,3,5455
F,0,5456
M,3,5457
F,4,5458
F,3,5459
M,3,5460
F,4,5461
M,4,5462
M,4,5463
M,3,5464
F,3,5465
F,4,5466
M,4,5467
M,4,5468
M,3,5469
M,4,5470
M,4,5471
M,3,5472
M,3,5473
F,4,5474
F,4,5475
M,0,5476
M,2,5477
M,3,5478
F,3,5479
M,3,5480
M,3,5481
M,0,5482
M,4,5483
M,3,5484
F,4,5485
F,2,5486
F,4,5487
M,3,5488
M,3,5489
M,0,5490
F,0,5491
M,3,5492
M,3,5493
F,4,5494
M,3,5495
M,4,5496
M,4,5497
M,4,5498
M,3,5499
F,4,5500
M,4,5501
M,3,5502
F,0,5503
M,3,5504
M,0,5505
M,4,5506
M,2,5507
M,3,5508
M,4,5509
M,4,5510
F,3,5511
F,3,5512
M,3,5513
M,3,5514
F,4,5515
F,4,5516
M,3,5517
F,3,5518
M,4,5519
M,3,5520
F,2,5521
F,4,5522
M,4,5523
M,0,5524
M,0,5525
M,3,5526
M,0,5527
F,0,5528
M,3,5529
F,4,5530
M,0,5531
M,4,5532
M,3,5533
M,4,5534
F,3,5535
M,0,5536
M,4,5537
F,4,5538
M,3,5539
F,3,5540
M,3,5541
M,0,5542
F,0,5543
F,3,5544
M,3,5545
F,4,5546
M,4,5547
M,0,5548
M,3,5549
M,4,5550
F,4,5551
M,0,5552
M,3,5553
F,4,5554
M,4,5555
M,3,5556
M,4,5557
F,4,5558
M,4,5559
F,3,5560
F,4,5561
M,4,5562
M,3,5563
M,5,5564
M,4,5565
M,4,5566
F,4,5567
M,4,5568
F,3,5569
F,4,5570
M,3,5571
M,4,5572
F,4,5573
M,0,5574
M,4,5575
M,0,5576
M,3,5577
F,0,5578
F,0,5579
M,4,5580
M,3,5581
F,3,5582
F,3,5583
M,3,5584
M,3,5585
M,4,5586
M,3,5587
M,0,5588
M,4,5589
M,4,5590
M,0,5591
M,3,5592
M,4,5593
M,3,5594
M,4,5595
M,3,5596
M,3,5597
F,4,5598
M,4,5599
F,0,5600
F,4,5601
F,3,5602
M,4,5603
M,4,5604
F,2,5605
M,3,5606
M,3,5607
M,4,5608
F,5,5609
M,0,5610
M,0,5611
F,4,5612
F,4,5613
M,2,5614
M,3,5615
M,3,5616
M,4,5617
M,4,5618
M,4,5619
M,4,5620
M,3,5621
F,2,5622
F,3,5623
F,4,5624
M,3,5625
M,3,5626
M,3,5627
M,4,5628
M,3,5629
M,0,5630
M,4,5631
M,4,5632
F,2,5633
F,4,5634
M,3,5635
F,3,5636
M,4,5637
F,3,5638
M,4,5639
M,4,5640
M,0,5641
M,3,5642
F,3,5643
M,0,5644
M,2,5645
M,3,5646
M,3,5647
M,4,5648
M,4,5649
M,4,5650
M,4,5651
F,3,5652
M,4,5653
M,4,5654
M,3,5655
F,0,5656
M,0,5657
F,3,5658
M,4,5659
F,4,5660
F,3,5661
F,3,5662
M,3,5663
M,3,5664
F,4,5665
M,3,5666
M,3,5667
M,3,5668
M,3,5669
F,0,5670
M,4,5671
M,0,5672
F,0,5673
F,4,5674
F,4,5675
M,1,5676
M,4,5677
M,0,5678
M,3,5679
M,4,5680
M,3,5681
M,3,5682
M,0,5683
M,4,5684
M,4,5685
F,3,5686
M,3,5687
F,3,5688
M,3,5689
F,0,5690
M,0,5691
M,3,5692
M,4,5693
F,3,5694
F,4,5695
M,4,5696
F,4,5697
M,0,5698
M,0,5699
F,0,5700
M,4,5701
F,4,5702
M,4,5703
M,3,5704
M,2,5705
M,3,5706
M,3,5707
M,4,5708
M,3,5709
M,3,5710
M,3,5711
F,3,5712
M,0,5713
M,4,5714
M,4,5715
M,4,5716
M,3,5717
F,3,5718
F,3,5719
F,3,5720
M,4,5721
F,3,5722
M,4,5723
M,0,5724
F,3,5725
F,4,5726
F,0,5727
M,4,5728
M,4,5729
M,3,5730
M,3,5731
M,4,5732
M,4,5733
M,3,5734
M,4,5735
F,3,5736
M,4,5737
M,2,5738
F,3,5739
M,0,5740
F,0,5741
M,3,5742
M,0,5743
M,3,5744
M,3,5745
F,4,5746
M,4,5747
M,0,5748
M,3,5749
M,3,5750
F,3,5751
M,4,5752
M,0,5753
M,4,5754
M,5,5755
M,3,5756
F,0,5757
F,3,5758
M,3,5759
M,0,5760
M,4,5761
F,4,5762
M,0,5763
F,3,5764
M,0,5765
M,4,5766
M,2,5767
M,3,5768
F,4,5769
M,0,5770
M,0,5771
M,3,5772
F,4,5773
F,4,5774
M,0,5775
M,4,5776
M,3,5777
F,4,5778
M,4,5779
M,3,5780
M,3,5781
F,3,5782
M,4,5783
M,3,5784
F,3,5785
M,0,5786
F,4,5787
F,4,5788
M,0,5789
M,3,5790
F,4,5791
F,3,5792
F,4,5793
M,3,5794
F,4,5795
M,4,5796
M,3,5797
F,4,5798
M,4,5799
F,3,5800
F,4,5801
M,3,5802
M,4,5803
M,4,5804
M,2,5805
M,4,5806
M,4,5807
M,2,5808
F,4,5809
M,3,5810
F,4,5811
M,3,5812
M,3,5813
M,3,5814
F,0,5815
M,0,5816
F,3,5817
M,3,5818
M,3,5819
F,4,5820
M,4,5821
M,4,5822
M,3,5823
F,0,5824
M,4,5825
M,4,5826
M,3,5827
F,3,5828
M,4,5829
F,4,5830
M,4,5831
M,4,5832
F,3,5833
F,3,5834
F,3,5835
M,4,5836
M,0,5837
F,3,5838
M,0,5839
M,3,5840
M,0,5841
F,4,5842
M,4,5843
F,4,5844
M,4,5845
F,4,5846
M,3,5847
M,3,5848
F,4,5849
M,4,5850
M,3,5851
M,0,5852
M,3,5853
M,3,5854
F,3,5855
F,4,5856
M,4,5857
F,3,5858
M,4,5859
M,4,5860
F,0,5861
F,3,5862
M,3,5863
F,0,5864
F,2,5865
M,3,5866
M,3,5867
M,3,5868
M,0,5869
F,4,5870
F,0,5871
M,4,5872
M,5,5873
M,3,5874
M,0,5875
F,3,5876
F,4,5877
M,4,5878
F,4,5879
M,0,5880
M,4,5881
M,2,5882
M,4,5883
F,4,5884
M,3,5885
M,1,5886
M,4,5887
M,4,5888
F,3,5889
M,4,5890
F,2,5891
M,4,5892
M,3,5893
F,3,5894
M,4,5895
M,3,5896
M,3,5897
M,3,5898
F,4,5899
M,4,5900
M,4,5901
F,4,5902
M,4,5903
M,4,5904
M,4,5905
M,0,5906
M,4,5907
F,3,5908
M,2,5909
M,0,5910
M,4,5911
M,4,5912
M,3,5913
F,3,5914
M,3,5915
F,2,5916
M,4,5917
M,3,5918
M,3,5919
F,4,5920
F,3,5921
M,2,5922
M,3,5923
M,3,5924
F,3,5925
M,4,5926
M,0,5927
M,4,5928
M,3,5929
M,0,5930
F,3,5931
M,0,5932
M,3,5933
M,2,5934
M,3,5935
F,3,5936
M,4,5937
M,2,5938
F,4,5939
M,4,5940
F,3,5941
M,0,5942
M,3,5943
M,3,5944
M,4,5945
M,3,5946
M,0,5947
M,3,5948
M,4,5949
F,0,5950
M,4,5951
M,4,5952
M,4,5953
F,4,5954
M,4,5955
M,5,5956
M,4,5957
F,2,5958
F,4,5959
M,3,5960
M,0,5961
F,3,5962
F,3,5963
F,4,5964
M,3,5965
F,3,5966
M,4,5967
F,3,5968
M,3,5969
F,3,5970
F,4,5971
F,4,5972
M,4,5973
M,0,5974
M,3,5975
M,3,5976
F,4,5977
F,0,5978
M,3,5979
M,4,5980
F,3,5981
M,3,5982
F,4,5983
F,0,5984
M,4,5985
F,4,5986
M,3,5987
F,4,5988
M,3,5989
M,4,5990
M,4,5991
M,3,5992
F,4,5993
M,3,5994
F,3,5995
F,4,5996
M,4,5997
M,3,5998
F,3,5999
F,3,6000
M,3,6001
F,3,6002
M,3,6003
F,3,6004
F,4,6005
M,3,6006
M,3,6007
F,4,6008
M,4,6009
M,3,6010
F,4,6011
M,0,6012
F,3,6013
M,2,6014
M,3,6015
M,4,6016
M,3,6017
M,3,6018
F,0,6019
M,0,6020
M,0,6021
F,4,6022
M,4,6023
M,3,6024
F,3,6025
M,3,6026
M,0,6027
M,2,6028
M,4,6029
F,4,6030
M,0,6031
M,0,6032
M,4,6033
F,3,6034
M,3,6035
F,0,6036
M,1,6037
F,4,6038
M,0,6039
M,2,6040
M,4,6041
M,3,6042
M,4,6043
M,4,6044
M,0,6045
M,3,6046
F,3,6047
M,4,6048
F,4,6049
M,4,6050
M,3,6051
F,3,6052
F,4,6053
F,3,6054
M,3,6055
M,4,6056
M,5,6057
F,2,6058
M,4,6059
M,0,6060
M,4,6061
M,4,6062
M,0,6063
F,2,6064
M,4,6065
M,3,6066
F,3,6067
M,0,6068
F,3,6069
F,3,6070
M,4,6071
F,0,6072
M,4,6073
M,3,6074
M,4,6075
M,4,6076
M,3,6077
M,4,6078
M,3,6079
M,4,6080
F,4,6081
M,4,6082
F,4,6083
F,4,6084
F,4,6085
M,3,6086
M,3,6087
M,0,6088
M,3,6089
M,4,6090
M,2,6091
M,0,6092
M,3,6093
M,0,6094
M,0,6095
M,0,6096
M,4,6097
F,2,6098
M,2,6099
M,3,6100
M,4,6101
M,4,6102
F,4,6103
M,2,6104
M,3,6105
M,0,6106
M,4,6107
F,3,6108
M,4,6109
M,0,6110
M,4,6111
M,4,6112
F,0,6113
M,0,6114
M,4,6115
M,3,6116
M,0,6117
F,4,6118
M,3,6119
F,4,6120
F,3,6121
F,3,6122
F,3,6123
F,4,6124
M,4,6125
F,3,6126
F,0,6127
M,4,6128
F,4,6129
M,4,6130
M,3,6131
M,0,6132
F,4,6133
F,4,6134
F,3,6135
F,3,6136
F,2,6137
F,4,6138
M,3,6139
M,4,6140
M,0,6141
F,3,6142
M,0,6143
M,4,6144
F,3,6145
F,4,6146
F,4,6147
M,3,6148
F,3,6149
M,3,6150
M,2,6151
M,4,6152
M,4,6153
M,3,6154
M,3,6155
M,3,6156
M,4,6157
M,3,6158
M,4,6159
M,3,6160
F,3,6161
M,4,6162
F,3,6163
F,3,6164
M,3,6165
M,4,6166
M,3,6167
M,4,6168
F,4,6169
M,4,6170
F,3,6171
F,2,6172
F,0,6173
M,0,6174
M,4,6175
M,0,6176
F,0,6177
F,4,6178
M,4,6179
M,4,6180
M,4,6181
M,3,6182
F,3,6183
M,4,6184
M,0,6185
M,3,6186
M,3,6187
M,3,6188
M,3,6189
M,0,6190
M,4,6191
M,3,6192
M,3,6193
M,4,6194
M,3,6195
F,3,6196
M,3,6197
M,4,6198
M,4,6199
F,3,6200
F,4,6201
F,4,6202
F,3,6203
M,3,6204
M,4,6205
M,0,6206
M,3,6207
F,4,6208
M,4,6209
M,3,6210
M,0,6211
M,3,6212
M,3,6213
F,4,6214
M,3,6215
M,3,6216
M,4,6217
M,3,6218
M,4,6219
M,4,6220
M,3,6221
M,4,6222
M,3,6223
M,2,6224
F,4,6225
M,4,6226
M,3,6227
M,4,6228
M,3,6229
F,2,6230
M,4,6231
M,4,6232
M,3,6233
M,3,6234
M,3,6235
F,3,6236
F,3,6237
F,0,6238
F,3,6239
M,3,6240
M,4,6241
F,0,6242
M,4,6243
F,3,6244
M,4,6245
F,4,6246
M,4,6247
F,3,6248
F,0,6249
M,3,6250
M,4,6251
M,3,6252
F,4,6253
F,3,6254
M,4,6255
F,3,6256
M,4,6257
F,3,6258
M,3,6259
F,0,6260
M,4,6261
F,3,6262
F,3,6263
M,4,6264
M,0,6265
M,4,6266
F,3,6267
M,0,6268
M,3,6269
F,5,6270
M,4,6271
F,4,6272
M,0,6273
F,4,6274
F,3,6275
M,3,6276
F,4,6277
F,3,6278
M,4,6279
M,4,6280
F,3,6281
M,4,6282
M,3,6283
M,4,6284
F,3,6285
M,2,6286
M,0,6287
M,0,6288
M,0,6289
M,4,6290
M,4,6291
M,3,6292
M,0,6293
M,4,6294
F,4,6295
M,2,6296
M,3,6297
F,3,6298
F,3,6299
M,4,6300
F,3,6301
M,4,6302
F,0,6303
F,3,6304
M,4,6305
M,4,6306
M,4,6307
F,4,6308
M,3,6309
F,4,6310
M,4,6311
F,3,6312
F,2,6313
M,3,6314
F,4,6315
M,4,6316
M,4,6317
M,2,6318
M,4,6319
M,0,6320
F,4,6321
M,4,6322
M,3,6323
M,3,6324
M,4,6325
M,4,6326
M,4,6327
M,3,6328
F,4,6329
M,3,6330
F,2,6331
M,0,6332
M,4,6333
M,4,6334
M,3,6335
F,2,6336
F,4,6337
M,0,6338
M,5,6339
M,4,6340
F,3,6341
M,2,6342
M,4,6343
M,3,6344
F,3,6345
M,3,6346
M,4,6347
F,3,6348
M,0,6349
M,3,6350
M,3,6351
F,4,6352
M,4,6353
M,4,6354
F,0,6355
M,4,6356
M,4,6357
M,0,6358
M,3,6359
F,3,6360
M,3,6361
F,3,6362
F,3,6363
F,4,6364
M,4,6365
M,4,6366
F,4,6367
F,4,6368
F,3,6369
F,2,6370
M,4,6371
M,4,6372
M,4,6373
F,4,6374
M,4,6375
F,4,6376
M,3,6377
M,4,6378
F,3,6379
F,0,6380
F,4,6381
M,3,6382
M,0,6383
M,3,6384
M,4,6385
F,0,6386
F,3,6387
F,3,6388
F,3,6389
M,2,6390
M,3,6391
M,3,6392
M,3,6393
M,3,6394
M,0,6395
F,3,6396
M,4,6397
M,3,6398
M,3,6399
F,4,6400
M,4,6401
F,4,6402
M,4,6403
M,4,6404
M,4,6405
F,3,6406
M,4,6407
M,3,6408
M,3,6409
M,3,6410
M,0,6411
M,4,6412
M,0,6413
F,4,6414
M,4,6415
M,0,6416
M,4,6417
M,0,6418
M,3,6419
M,3,6420
M,0,6421
M,3,6422
M,4,6423
M,3,6424
F,4,6425
F,3,6426
M,2,6427
F,3,6428
F,4,6429
F,3,6430
M,3,6431
M,0,6432
M,4,6433
M,4,6434
M,4,6435
M,3,6436
M,3,6437
F,3,6438
F,3,6439
M,0,6440
F,4,6441
F,4,6442
M,3,6443
M,4,6444
F,4,6445
M,0,6446
F,3,6447
M,3,6448
M,3,6449
M,0,6450
M,0,6451
F,0,6452
F,3,6453
F,2,6454
M,3,6455
F,4,6456
M,3,6457
M,4,6458
F,4,6459
M,3,6460
F,4,6461
M,2,6462
M,0,6463
F,4,6464
M,4,6465
M,2,6466
M,4,6467
M,4,6468
M,3,6469
F,4,6470
F,0,6471
M,4,6472
M,4,6473
M,4,6474
M,3,6475
M,4,6476
M,0,6477
F,3,6478
M,0,6479
M,4,6480
F,3,6481
M,3,6482
M,3,6483
M,4,6484
M,4,6485
F,0,6486
M,3,6487
M,4,6488
F,3,6489
M,0,6490
M,4,6491
F,2,6492
M,0,6493
M,3,6494
F,3,6495
F,4,6496
M,3,6497
M,3,6498
M,4,6499
M,3,6500
M,4,6501
M,4,6502
M,4,6503
F,4,6504
F,4,6505
M,3,6506
F,4,6507
M,3,6508
M,2,6509
M,4,6510
M,3,6511
M,4,6512
M,3,6513
M,0,6514
F,3,6515
F,4,6516
F,2,6517
M,4,6518
M,3,6519
M,3,6520
M,0,6521
M,3,6522
M,3,6523
F,0,6524
M,4,6525
M,4,6526
F,2,6527
F,2,6528
M,4,6529
F,3,6530
M,0,6531
M,3,6532
M,4,6533
M,4,6534
F,3,6535
F,3,6536
M,3,6537
F,4,6538
M,4,6539
F,4,6540
M,4,6541
F,3,6542
F,3,6543
M,3,6544
F,4,6545
F,0,6546
F,2,6547
F,4,6548
F,2,6549
M,3,6550
F,4,6551
M,3,6552
M,3,6553
F,0,6554
F,4,6555
M,4,6556
M,4,6557
M,3,6558
M,0,6559
M,3,6560
M,4,6561
F,3,6562
M,3,6563
F,4,6564
M,3,6565
M,4,6566
M,3,6567
M,5,6568
M,3,6569
M,4,6570
M,4,6571
M,3,6572
M,3,6573
F,4,6574
M,3,6575
M,3,6576
M,4,6577
M,4,6578
M,4,6579
F,4,6580
M,3,6581
M,2,6582
M,3,6583
M,3,6584
M,4,6585
M,4,6586
M,4,6587
F,3,6588
M,4,6589
M,2,6590
F,3,6591
M,4,6592
M,3,6593
M,4,6594
F,3,6595
M,0,6596
F,3,6597
M,3,6598
F,0,6599
F,3,6600
M,3,6601
M,0,6602
M,3,6603
M,4,6604
F,3,6605
F,4,6606
F,3,6607
M,4,6608
M,2,6609
M,3,6610
M,3,6611
M,4,6612
M,3,6613
F,3,6614
F,4,6615
F,2,6616
M,4,6617
M,4,6618
M,5,6619
M,3,6620
M,4,6621
F,3,6622
M,4,6623
F,3,6624
F,2,6625
M,3,6626
M,3,6627
M,2,6628
M,3,6629
F,3,6630
M,3,6631
M,4,6632
M,4,6633
M,4,6634
M,3,6635
M,4,6636
M,3,6637
F,3,6638
M,4,6639
F,0,6640
F,4,6641
M,3,6642
M,3,6643
M,3,6644
M,3,6645
F,4,6646
M,0,6647
M,0,6648
F,3,6649
M,0,6650
M,4,6651
F,3,6652
M,4,6653
F,0,6654
M,4,6655
F,4,6656
M,3,6657
F,3,6658
F,3,6659
M,4,6660
F,3,6661
M,3,6662
F,3,6663
F,0,6664
M,3,6665
M,4,6666
F,2,6667
M,3,6668
M,2,6669
M,4,6670
F,3,6671
M,3,6672
M,4,6673
F,0,6674
M,3,6675
M,4,6676
F,0,6677
M,4,6678
M,0,6679
M,0,6680
F,4,6681
M,2,6682
M,3,6683
M,3,6684
M,4,6685
F,4,6686
M,3,6687
M,0,6688
F,4,6689
F,2,6690
F,3,6691
M,3,6692
F,3,6693
F,4,6694
F,3,6695
F,3,6696
F,4,6697
F,3,6698
M,4,6699
M,0,6700
M,4,6701
F,3,6702
M,3,6703
M,4,6704
F,2,6705
F,2,6706
M,4,6707
F,4,6708
M,4,6709
F,4,6710
M,3,6711
M,3,6712
M,3,6713
F,3,6714
F,3,6715
M,4,6716
M,0,6717
F,4,6718
M,4,6719
M,3,6720
M,4,6721
M,4,6722
F,3,6723
F,0,6724
M,3,6725
M,2,6726
M,4,6727
M,4,6728
M,3,6729
F,4,6730
F,3,6731
M,4,6732
F,4,6733
M,4,6734
M,3,6735
M,4,6736
F,4,6737
M,0,6738
F,3,6739
M,3,6740
F,4,6741
F,0,6742
F,0,6743
M,4,6744
F,0,6745
M,3,6746
M,4,6747
M,3,6748
M,4,6749
F,4,6750
F,3,6751
M,0,6752
M,3,6753
F,4,6754
M,4,6755
M,4,6756
F,4,6757
F,4,6758
M,3,6759
M,3,6760
M,3,6761
F,0,6762
M,4,6763
M,3,6764
M,3,6765
M,4,6766
M,4,6767
M,4,6768
F,4,6769
M,4,6770
M,4,6771
M,4,6772
M,4,6773
M,3,6774
M,0,6775
F,3,6776
F,4,6777
F,0,6778
M,0,6779
F,3,6780
M,0,6781
M,0,6782
M,3,6783
M,3,6784
M,4,6785
F,3,6786
M,4,6787
M,3,6788
M,3,6789
M,3,6790
F,3,6791
M,0,6792
M,4,6793
M,0,6794
M,3,6795
F,3,6796
F,4,6797
M,3,6798
F,4,6799
M,3,6800
M,4,6801
F,3,6802
M,4,6803
F,4,6804
F,4,6805
M,4,6806
F,0,6807
M,2,6808
M,5,6809
M,3,6810
M,4,6811
M,4,6812
M,4,6813
F,4,6814
F,3,6815
F,0,6816
F,3,6817
M,0,6818
F,4,6819
F,4,6820
M,4,6821
M,3,6822
M,0,6823
M,4,6824
M,0,6825
M,2,6826
F,4,6827
M,0,6828
M,3,6829
F,3,6830
F,4,6831
F,0,6832
M,3,6833
M,4,6834
M,0,6835
M,3,6836
M,3,6837
M,4,6838
F,3,6839
M,3,6840
M,3,6841
F,3,6842
M,4,6843
M,3,6844
M,0,6845
M,0,6846
F,3,6847
M,4,6848
M,3,6849
M,3,6850
M,4,6851
M,4,6852
M,4,6853
M,4,6854
F,3,6855
M,3,6856
F,3,6857
M,3,6858
M,3,6859
F,3,6860
F,0,6861
M,4,6862
M,4,6863
M,4,6864
M,4,6865
F,3,6866
F,4,6867
F,0,6868
F,4,6869
M,4,6870
F,3,6871
F,4,6872
M,4,6873
F,2,6874
F,0,6875
F,3,6876
M,3,6877
M,0,6878
F,0,6879
M,4,6880
F,4,6881
F,3,6882
M,3,6883
M,0,6884
M,4,6885
F,4,6886
F,4,6887
M,0,6888
M,3,6889
F,4,6890
F,3,6891
F,3,6892
M,4,6893
M,3,6894
M,4,6895
M,4,6896
F,4,6897
M,2,6898
M,3,6899
M,4,6900
M,3,6901
M,4,6902
M,0,6903
M,4,6904
M,4,6905
F,4,6906
M,4,6907
M,4,6908
M,4,6909
M,3,6910
M,0,6911
M,3,6912
M,0,6913
M,3,6914
F,4,6915
M,0,6916
F,3,6917
M,4,6918
M,3,6919
M,4,6920
F,4,6921
M,4,6922
M,4,6923
F,3,6924
M,4,6925
F,4,6926
M,0,6927
M,4,6928
F,3,6929
M,3,6930
F,2,6931
M,4,6932
M,0,6933
M,4,6934
M,3,6935
F,3,6936
M,4,6937
M,4,6938
M,0,6939
M,4,6940
F,3,6941
M,4,6942
M,4,6943
F,4,6944
M,3,6945
M,4,6946
M,0,6947
F,4,6948
M,4,6949
F,4,6950
F,3,6951
M,4,6952
F,3,6953
M,3,6954
M,4,6955
M,3,6956
M,4,6957
M,3,6958
F,4,6959
F,4,6960
M,4,6961
F,0,6962
F,4,6963
F,4,6964
M,0,6965
M,4,6966
M,4,6967
M,3,6968
F,4,6969
M,0,6970
M,3,6971
M,3,6972
M,3,6973
F,4,6974
F,3,6975
M,4,6976
M,4,6977
M,3,6978
F,3,6979
F,3,6980
M,4,6981
M,0,6982
F,4,6983
M,4,6984
M,0,6985
M,0,6986
M,3,6987
M,4,6988
F,3,6989
M,4,6990
M,3,6991
M,0,6992
F,4,6993
F,3,6994
M,4,6995
F,4,6996
M,0,6997
M,0,6998
F,0,6999
M,4,7000
M,3,7001
F,3,7002
M,3,7003
M,4,7004
F,3,7005
M,3,7006
F,0,7007
M,5,7008
F,4,7009
M,2,7010
M,3,7011
M,3,7012
F,4,7013
F,4,7014
M,4,7015
M,3,7016
F,2,7017
M,4,7018
M,3,7019
M,3,7020
M,3,7021
F,4,7022
M,3,7023
M,3,7024
M,4,7025
F,0,7026
M,3,7027
F,3,7028
F,4,7029
M,3,7030
F,2,7031
F,0,7032
M,4,7033
M,4,7034
M,0,7035
M,4,7036
M,3,7037
F,4,7038
M,3,7039
F,4,7040
M,3,7041
M,4,7042
M,3,7043
F,3,7044
M,0,7045
M,0,7046
F,0,7047
M,3,7048
M,4,7049
M,3,7050
M,0,7051
M,4,7052
M,0,7053
M,4,7054
M,0,7055
F,3,7056
M,4,7057
F,3,7058
F,4,7059
F,4,7060
M,3,7061
M,4,7062
M,3,7063
M,0,7064
M,3,7065
F,4,7066
M,3,7067
M,2,7068
M,4,7069
F,0,7070
F,4,7071
M,3,7072
F,0,7073
M,2,7074
M,4,7075
M,3,7076
M,2,7077
F,3,7078
F,3,7079
F,3,7080
M,0,7081
M,0,7082
M,4,7083
F,0,7084
M,4,7085
M,0,7086
M,0,7087
F,4,7088
M,4,7089
M,5,7090
M,4,7091
M,3,7092
M,3,7093
M,4,7094
M,0,7095
M,3,7096
F,0,7097
M,4,7098
M,4,7099
F,3,7100
M,4,7101
M,4,7102
F,3,7103
M,4,7104
M,0,7105
F,4,7106
M,3,7107
F,4,7108
M,4,7109
M,4,7110
M,0,7111
M,0,7112
M,3,7113
M,4,7114
M,4,7115
M,3,7116
M,4,7117
M,3,7118
F,4,7119
M,3,7120
M,0,7121
F,2,7122
F,3,7123
M,0,7124
M,3,7125
M,4,7126
F,3,7127
M,0,7128
F,3,7129
F,3,7130
M,3,7131
F,4,7132
F,4,7133
F,3,7134
M,4,7135
F,4,7136
F,4,7137
M,3,7138
M,4,7139
M,3,7140
M,4,7141
F,0,7142
M,4,7143
M,3,7144
M,2,7145
M,4,7146
F,4,7147
M,3,7148
F,3,7149
M,4,7150
F,0,7151
F,3,7152
M,0,7153
F,3,7154
F,4,7155
M,4,7156
F,3,7157
M,2,7158
M,4,7159
F,3,7160
M,4,7161
M,4,7162
M,3,7163
M,3,7164
M,3,7165
F,3,7166
M,4,7167
M,4,7168
F,4,7169
M,0,7170
M,4,7171
F,3,7172
M,4,7173
F,4,7174
F,2,7175
M,4,7176
F,3,7177
M,3,7178
F,4,7179
M,3,7180
F,3,7181
M,3,7182
M,0,7183
F,4,7184
F,4,7185
M,4,7186
M,3,7187
M,3,7188
F,3,7189
M,4,7190
M,4,7191
M,4,7192
F,3,7193
M,0,7194
M,4,7195
M,4,7196
M,0,7197
F,4,7198
F,3,7199
M,4,7200
M,4,7201
M,4,7202
M,4,7203
F,4,7204
M,4,7205
F,4,7206
F,4,7207
F,0,7208
M,2,7209
M,0,7210
M,3,7211
F,3,7212
M,3,7213
M,3,7214
F,4,7215
M,0,7216
M,3,7217
M,4,7218
M,4,7219
F,0,7220
M,4,7221
M,4,7222
M,4,7223
F,3,7224
M,4,7225
M,4,7226
M,4,7227
M,4,7228
F,3,7229
M,3,7230
M,2,7231
M,3,7232
M,4,7233
M,2,7234
F,3,7235
F,4,7236
M,3,7237
F,3,7238
M,3,7239
M,3,7240
M,4,7241
M,0,7242
M,3,7243
F,3,7244
M,4,7245
M,3,7246
M,4,7247
F,4,7248
F,3,7249
F,3,7250
F,4,7251
M,3,7252
M,4,7253
M,3,7254
M,0,7255
M,0,7256
M,3,7257
M,0,7258
M,3,7259
M,4,7260
F,3,7261
M,4,7262
M,3,7263
F,4,7264
M,3,7265
M,4,7266
F,3,7267
F,2,7268
M,3,7269
M,4,7270
M,3,7271
M,4,7272
M,3,7273
M,3,7274
F,3,7275
F,2,7276
F,3,7277
F,4,7278
M,0,7279
M,4,7280
M,2,7281
M,0,7282
F,4,7283
M,4,7284
M,3,7285
F,2,7286
M,2,7287
M,4,7288
F,2,7289
F,4,7290
M,3,7291
M,3,7292
F,4,7293
M,3,7294
F,4,7295
M,3,7296
M,4,7297
F,3,7298
M,4,7299
M,3,7300
M,3,7301
F,2,7302
M,3,7303
M,3,7304
M,2,7305
M,4,7306
F,3,7307
M,3,7308
F,3,7309
M,3,7310
M,0,7311
M,3,7312
M,0,7313
M,3,7314
M,3,7315
M,3,7316
M,4,7317
F,4,7318
F,4,7319
M,4,7320
M,4,7321
M,0,7322
M,3,7323
F,4,7324
F,3,7325
M,3,7326
M,4,7327
M,3,7328
F,4,7329
F,4,7330
M,3,7331
M,0,7332
M,3,7333
F,4,7334
F,3,7335
M,4,7336
M,3,7337
F,4,7338
M,3,7339
M,3,7340
F,4,7341
F,3,7342
F,4,7343
M,4,7344
M,3,7345
M,0,7346
F,4,7347
M,0,7348
M,3,7349
M,4,7350
M,0,7351
M,3,7352
F,0,7353
M,3,7354
M,3,7355
M,3,7356
M,3,7357
M,4,7358
F,4,7359
F,3,7360
M,4,7361
F,4,7362
M,4,7363
F,3,7364
M,4,7365
M,3,7366
M,3,7367
M,3,7368
F,3,7369
F,3,7370
M,3,7371
F,0,7372
F,4,7373
M,0,7374
M,3,7375
F,4,7376
F,3,7377
F,4,7378
M,4,7379
F,3,7380
M,4,7381
M,4,7382
M,4,7383
M,2,7384
F,4,7385
M,3,7386
F,4,7387
M,1,7388
M,4,7389
M,4,7390
M,3,7391
M,0,7392
M,4,7393
F,4,7394
M,3,7395
F,3,7396
M,0,7397
F,2,7398
M,3,7399
M,3,7400
M,3,7401
M,3,7402
F,3,7403
M,3,7404
F,4,7405
M,4,7406
M,0,7407
M,3,7408
M,4,7409
M,4,7410
M,4,7411
F,3,7412
M,3,7413
M,0,7414
F,4,7415
M,3,7416
M,3,7417
F,3,7418
F,4,7419
M,5,7420
M,4,7421
M,4,7422
M,3,7423
M,3,7424
M,3,7425
F,3,7426
M,4,7427
M,4,7428
F,3,7429
M,4,7430
M,4,7431
M,4,7432
M,0,7433
M,3,7434
M,3,7435
M,3,7436
M,4,7437
M,4,7438
M,4,7439
M,3,7440
F,3,7441
F,4,7442
M,3,7443
F,3,7444
M,4,7445
M,3,7446
M,4,7447
F,0,7448
F,3,7449
F,3,7450
M,4,7451
M,3,7452
F,3,7453
M,3,7454
M,3,7455
M,4,7456
F,0,7457
M,3,7458
M,4,7459
M,4,7460
M,4,7461
M,3,7462
M,4,7463
F,4,7464
M,3,7465
F,4,7466
F,4,7467
F,4,7468
F,4,7469
M,4,7470
M,0,7471
M,3,7472
F,4,7473
M,0,7474
M,3,7475
M,4,7476
F,4,7477
F,3,7478
M,4,7479
M,4,7480
M,4,7481
F,4,7482
F,3,7483
M,4,7484
F,2,7485
F,0,7486
M,3,7487
M,3,7488
M,3,7489
M,4,7490
M,4,7491
M,3,7492
M,4,7493
M,3,7494
M,4,7495
M,4,7496
M,4,7497
M,3,7498
M,3,7499
F,2,7500
F,4,7501
M,0,7502
M,3,7503
M,4,7504
M,0,7505
F,4,7506
M,4,7507
M,4,7508
M,4,7509
F,3,7510
F,4,7511
F,3,7512
F,2,7513
M,4,7514
M,4,7515
M,4,7516
M,4,7517
M,3,7518
M,3,7519
M,3,7520
M,4,7521
F,3,7522
M,4,7523
F,2,7524
M,3,7525
F,0,7526
F,4,7527
M,3,7528
M,4,7529
M,4,7530
M,3,7531
F,3,7532
M,4,7533
M,3,7534
M,3,7535
M,3,7536
M,0,7537
M,4,7538
M,0,7539
F,3,7540
M,4,7541
M,4,7542
F,2,7543
M,4,7544
M,3,7545
M,4,7546
F,3,7547
M,0,7548
F,4,7549
M,3,7550
M,3,7551
M,3,7552
M,4,7553
M,5,7554
F,3,7555
F,4,7556
F,4,7557
M,3,7558
M,2,7559
M,0,7560
M,4,7561
M,4,7562
M,3,7563
M,4,7564
M,4,7565
F,3,7566
F,3,7567
M,4,7568
M,4,7569
F,0,7570
F,3,7571
M,4,7572
F,4,7573
M,0,7574
F,3,7575
M,0,7576
M,3,7577
F,3,7578
F,4,7579
F,4,7580
M,4,7581
M,3,7582
F,0,7583
M,3,7584
M,4,7585
M,3,7586
M,0,7587
F,3,7588
M,3,7589
M,3,7590
M,4,7591
F,4,7592
F,3,7593
M,0,7594
M,4,7595
F,3,7596
M,4,7597
M,4,7598
F,3,7599
F,3,7600
M,0,7601
M,4,7602
M,4,7603
M,2,7604
M,3,7605
F,4,7606
F,3,7607
M,3,7608
F,2,7609
F,0,7610
M,2,7611
F,3,7612
M,4,7613
F,4,7614
M,4,7615
M,4,7616
M,3,7617
M,4,7618
M,3,7619
F,4,7620
F,3,7621
F,4,7622
M,3,7623
M,0,7624
F,2,7625
F,4,7626
F,2,7627
M,0,7628
M,0,7629
F,4,7630
M,4,7631
M,4,7632
M,3,7633
M,4,7634
M,3,7635
M,3,7636
F,3,7637
M,3,7638
M,3,7639
F,0,7640
M,4,7641
F,3,7642
M,3,7643
M,3,7644
F,4,7645
M,0,7646
F,4,7647
F,3,7648
M,3,7649
F,2,7650
M,4,7651
M,4,7652
F,3,7653
M,4,7654
M,0,7655
F,4,7656
F,4,7657
M,0,7658
F,4,7659
F,4,7660
F,4,7661
F,4,7662
M,3,7663
M,2,7664
M,3,7665
M,4,7666
M,4,7667
M,4,7668
F,4,7669
F,0,7670
M,0,7671
F,3,7672
M,4,7673
F,0,7674
M,3,7675
M,3,7676
M,4,7677
F,4,7678
M,4,7679
F,3,7680
M,2,7681
M,4,7682
M,2,7683
M,3,7684
M,3,7685
M,4,7686
M,4,7687
M,3,7688
M,4,7689
M,3,7690
M,3,7691
F,3,7692
F,4,7693
M,4,7694
F,3,7695
F,0,7696
M,3,7697
M,0,7698
F,4,7699
M,4,7700
M,3,7701
M,3,7702
F,0,7703
M,4,7704
M,0,7705
F,3,7706
F,2,7707
M,4,7708
M,4,7709
M,4,7710
F,3,7711
F,4,7712
F,0,7713
F,3,7714
M,3,7715
M,3,7716
M,3,7717
F,3,7718
F,3,7719
M,4,7720
M,4,7721
M,4,7722
F,3,7723
F,4,7724
M,2,7725
F,4,7726
M,3,7727
M,3,7728
F,3,7729
F,4,7730
M,4,7731
M,4,7732
M,3,7733
M,3,7734
M,4,7735
F,0,7736
M,5,7737
M,3,7738
M,4,7739
M,4,7740
M,4,7741
M,4,7742
M,3,7743
F,4,7744
F,3,7745
M,0,7746
M,3,7747
M,3,7748
M,3,7749
M,4,7750
M,3,7751
M,0,7752
M,4,7753
M,3,7754
F,3,7755
F,0,7756
M,4,7757
M,4,7758
M,0,7759
M,2,7760
M,3,7761
M,4,7762
M,0,7763
F,4,7764
M,4,7765
F,3,7766
F,0,7767
F,4,7768
F,0,7769
F,4,7770
F,3,7771
F,0,7772
M,4,7773
M,4,7774
F,2,7775
M,3,7776
M,4,7777
M,2,7778
M,4,7779
F,0,7780
M,0,7781
F,4,7782
M,3,7783
M,4,7784
M,0,7785
M,3,7786
M,4,7787
F,3,7788
M,3,7789
M,0,7790
F,0,7791
M,4,7792
F,3,7793
F,4,7794
M,3,7795
M,2,7796
M,4,7797
M,3,7798
M,3,7799
F,4,7800
M,4,7801
M,3,7802
F,3,7803
F,3,7804
F,3,7805
M,3,7806
M,4,7807
M,4,7808
M,0,7809
M,4,7810
M,0,7811
M,4,7812
M,4,7813
M,4,7814
F,4,7815
M,0,7816
F,3,7817
M,4,7818
M,3,7819
F,3,7820
M,4,7821
F,0,7822
M,0,7823
M,4,7824
F,4,7825
M,4,7826
M,4,7827
F,3,7828
M,0,7829
M,4,7830
M,4,7831
M,3,7832
M,4,7833
M,0,7834
M,4,7835
M,3,7836
F,4,7837
M,0,7838
M,2,7839
M,3,7840
F,3,7841
M,3,7842
F,2,7843
M,0,7844
F,1,7845
M,3,7846
F,4,7847
M,3,7848
F,4,7849
F,3,7850
M,0,7851
M,3,7852
M,0,7853
F,3,7854
M,0,7855
F,3,7856
M,3,7857
M,4,7858
M,4,7859
F,2,7860
M,4,7861
F,4,7862
F,0,7863
M,4,7864
M,4,7865
M,3,7866
M,4,7867
M,4,7868
F,3,7869
F,3,7870
F,0,7871
F,4,7872
M,4,7873
M,4,7874
F,3,7875
M,3,7876
M,3,7877
M,3,7878
M,2,7879
M,3,7880
F,3,7881
F,4,7882
M,3,7883
M,4,7884
M,3,7885
F,4,7886
M,3,7887
M,4,7888
M,3,7889
M,4,7890
F,4,7891
M,0,7892
M,4,7893
M,4,7894
F,3,7895
M,0,7896
M,3,7897
M,0,7898
M,3,7899
M,0,7900
F,4,7901
M,4,7902
M,3,7903
M,4,7904
M,3,7905
M,4,7906
M,4,7907
F,2,7908
F,0,7909
M,4,7910
M,0,7911
M,4,7912
M,4,7913
F,4,7914
M,0,7915
F,2,7916
M,4,7917
M,0,7918
M,3,7919
M,3,7920
M,4,7921
F,0,7922
M,3,7923
M,4,7924
M,4,7925
M,3,7926
M,0,7927
M,3,7928
M,0,7929
M,3,7930
M,3,7931
M,3,7932
M,3,7933
M,4,7934
F,4,7935
M,0,7936
M,3,7937
M,4,7938
M,4,7939
M,4,7940
M,4,7941
M,0,7942
M,4,7943
M,0,7944
M,4,7945
F,0,7946
F,2,7947
M,0,7948
F,4,7949
M,4,7950
M,4,7951
M,4,7952
M,3,7953
F,3,7954
M,4,7955
F,3,7956
M,3,7957
M,4,7958
M,0,7959
M,3,7960
F,4,7961
M,3,7962
M,3,7963
M,3,7964
F,3,7965
M,0,7966
M,3,7967
M,3,7968
M,3,7969
M,0,7970
M,3,7971
F,3,7972
F,3,7973
M,4,7974
M,4,7975
M,4,7976
F,4,7977
F,0,7978
M,3,7979
M,4,7980
M,4,7981
M,3,7982
F,3,7983
M,4,7984
M,3,7985
F,3,7986
M,4,7987
M,4,7988
F,3,7989
F,4,7990
F,3,7991
M,3,7992
M,3,7993
M,3,7994
F,4,7995
M,0,7996
F,4,7997
F,3,7998
F,3,7999
M,4,8000
M,3,8001
F,3,8002
M,4,8003
M,3,8004
F,0,8005
M,3,8006
M,4,8007
M,0,8008
M,3,8009
M,4,8010
F,0,8011
M,4,8012
M,4,8013
M,3,8014
F,3,8015
M,4,8016
M,4,8017
F,0,8018
M,3,8019
M,3,8020
F,3,8021
M,4,8022
M,4,8023
F,4,8024
M,3,8025
F,3,8026
M,0,8027
M,4,8028
F,3,8029
M,4,8030
M,3,8031
F,3,8032
M,4,8033
M,4,8034
F,3,8035
F,3,8036
M,4,8037
M,4,8038
M,4,8039
M,3,8040
M,3,8041
M,4,8042
F,3,8043
M,4,8044
M,4,8045
M,4,8046
M,2,8047
M,3,8048
F,4,8049
F,3,8050
M,2,8051
M,4,8052
F,0,8053
F,0,8054
F,4,8055
M,3,8056
F,4,8057
F,0,8058
F,3,8059
F,3,8060
F,3,8061
F,3,8062
F,2,8063
M,3,8064
M,3,8065
M,4,8066
M,0,8067
F,0,8068
M,3,8069
F,4,8070
M,4,8071
M,4,8072
F,3,8073
M,3,8074
M,4,8075
M,4,8076
F,3,8077
F,4,8078
M,3,8079
M,0,8080
M,4,8081
F,3,8082
M,3,8083
M,4,8084
M,3,8085
M,0,8086
F,3,8087
F,3,8088
F,0,8089
F,4,8090
M,3,8091
M,3,8092
F,4,8093
M,3,8094
M,4,8095
F,3,8096
M,4,8097
M,3,8098
M,4,8099
M,3,8100
M,4,8101
M,4,8102
F,4,8103
F,4,8104
F,3,8105
M,0,8106
F,3,8107
M,3,8108
M,4,8109
M,3,8110
M,4,8111
F,4,8112
F,0,8113
M,4,8114
F,4,8115
M,4,8116
M,4,8117
F,3,8118
M,3,8119
M,2,8120
M,4,8121
M,3,8122
M,4,8123
F,0,8124
F,4,8125
M,0,8126
M,4,8127
M,2,8128
F,4,8129
F,3,8130
F,4,8131
M,4,8132
M,3,8133
F,0,8134
F,4,8135
M,3,8136
M,3,8137
M,3,8138
M,4,8139
M,0,8140
F,4,8141
F,3,8142
M,4,8143
M,0,8144
M,4,8145
M,4,8146
M,4,8147
M,4,8148
F,3,8149
M,2,8150
M,3,8151
F,4,8152
F,3,8153
M,4,8154
M,4,8155
F,3,8156
M,3,8157
F,3,8158
M,4,8159
M,0,8160
M,0,8161
M,0,8162
M,0,8163
F,3,8164
M,3,8165
M,4,8166
M,4,8167
M,3,8168
F,4,8169
M,4,8170
M,3,8171
M,0,8172
M,3,8173
M,4,8174
M,4,8175
F,3,8176
F,4,8177
M,4,8178
M,4,8179
M,0,8180
F,3,8181
M,4,8182
M,0,8183
M,4,8184
M,5,8185
M,3,8186
M,0,8187
M,4,8188
M,4,8189
M,3,8190
M,4,8191
M,0,8192
F,3,8193
M,0,8194
F,0,8195
F,3,8196
M,3,8197
F,4,8198
F,3,8199
M,3,8200
F,4,8201
M,4,8202
M,3,8203
M,0,8204
F,0,8205
F,3,8206
F,4,8207
M,4,8208
M,3,8209
M,0,8210
M,3,8211
M,4,8212
F,3,8213
M,4,8214
F,3,8215
M,4,8216
F,3,8217
M,4,8218
M,4,8219
M,3,8220
M,3,8221
F,4,8222
F,3,8223
F,4,8224
M,0,8225
M,3,8226
F,4,8227
F,4,8228
M,0,8229
M,4,8230
M,5,8231
M,0,8232
M,4,8233
M,3,8234
M,0,8235
F,4,8236
F,4,8237
M,3,8238
M,4,8239
M,4,8240
M,3,8241
F,3,8242
M,4,8243
F,2,8244
M,3,8245
M,4,8246
M,4,8247
F,0,8248
F,3,8249
M,4,8250
M,3,8251
M,3,8252
M,4,8253
M,0,8254
F,0,8255
F,4,8256
F,3,8257
M,4,8258
F,4,8259
F,4,8260
M,3,8261
M,3,8262
F,4,8263
F,3,8264
F,3,8265
M,3,8266
F,3,8267
F,0,8268
M,4,8269
M,3,8270
M,4,8271
M,3,8272
F,4,8273
M,3,8274
M,4,8275
M,0,8276
M,4,8277
M,4,8278
F,0,8279
M,3,8280
M,4,8281
M,3,8282
F,3,8283
M,3,8284
F,4,8285
M,3,8286
F,3,8287
M,3,8288
M,4,8289
F,4,8290
M,0,8291
M,4,8292
M,0,8293
F,4,8294
M,3,8295
F,0,8296
M,3,8297
M,3,8298
M,3,8299
M,4,8300
F,3,8301
M,3,8302
M,4,8303
M,3,8304
M,2,8305
M,3,8306
M,3,8307
F,4,8308
F,3,8309
M,3,8310
M,4,8311
M,0,8312
M,4,8313
F,2,8314
M,3,8315
F,0,8316
M,0,8317
M,3,8318
F,0,8319
F,3,8320
F,4,8321
M,4,8322
M,4,8323
M,0,8324
M,4,8325
M,3,8326
M,3,8327
F,3,8328
M,4,8329
F,3,8330
F,3,8331
M,4,8332
M,4,8333
M,3,8334
M,0,8335
F,4,8336
M,1,8337
M,3,8338
M,3,8339
F,0,8340
F,0,8341
F,4,8342
M,3,8343
M,3,8344
F,4,8345
M,0,8346
M,3,8347
F,3,8348
M,3,8349
F,4,8350
M,4,8351
M,0,8352
M,2,8353
F,4,8354
F,0,8355
M,0,8356
M,4,8357
F,3,8358
F,3,8359
M,0,8360
F,4,8361
F,3,8362
F,4,8363
M,3,8364
M,3,8365
F,4,8366
M,4,8367
M,3,8368
M,4,8369
M,3,8370
M,4,8371
M,4,8372
M,4,8373
M,4,8374
F,4,8375
M,4,8376
F,3,8377
F,4,8378
M,2,8379
M,3,8380
M,3,8381
M,4,8382
M,4,8383
M,3,8384
M,4,8385
M,3,8386
M,3,8387
M,4,8388
M,3,8389
M,3,8390
M,4,8391
M,3,8392
F,3,8393
F,4,8394
M,4,8395
F,3,8396
F,0,8397
M,4,8398
M,0,8399
M,0,8400
F,4,8401
M,3,8402
M,4,8403
M,4,8404
M,4,8405
M,4,8406
M,3,8407
F,3,8408
M,4,8409
M,0,8410
M,3,8411
M,4,8412
M,3,8413
M,4,8414
M,4,8415
F,4,8416
M,4,8417
M,3,8418
F,4,8419
F,3,8420
F,4,8421
M,2,8422
M,3,8423
M,4,8424
F,3,8425
M,4,8426
M,4,8427
M,2,8428
M,4,8429
M,3,8430
F,3,8431
M,3,8432
M,4,8433
M,4,8434
M,3,8435
M,3,8436
F,3,8437
M,4,8438
M,0,8439
M,0,8440
M,3,8441
M,4,8442
F,3,8443
F,3,8444
M,4,8445
M,3,8446
M,4,8447
M,3,8448
M,3,8449
F,4,8450
F,4,8451
M,3,8452
M,3,8453
M,3,8454
M,4,8455
F,4,8456
M,4,8457
M,3,8458
F,3,8459
M,4,8460
M,4,8461
M,4,8462
M,2,8463
M,4,8464
M,4,8465
F,3,8466
M,3,8467
F,0,8468
M,2,8469
M,4,8470
M,4,8471
F,0,8472
M,4,8473
F,2,8474
F,0,8475
M,3,8476
M,3,8477
M,3,8478
F,4,8479
M,3,8480
M,4,8481
M,4,8482
M,4,8483
M,4,8484
M,4,8485
F,4,8486
M,4,8487
M,3,8488
M,4,8489
F,4,8490
M,3,8491
M,3,8492
M,3,8493
M,0,8494
M,4,8495
M,3,8496
F,2,8497
M,4,8498
M,4,8499
M,4,8500
F,4,8501
M,3,8502
F,4,8503
M,4,8504
M,4,8505
M,4,8506
M,0,8507
M,0,8508
M,4,8509
F,3,8510
M,4,8511
F,3,8512
F,4,8513
M,4,8514
M,3,8515
M,4,8516
M,3,8517
F,0,8518
M,4,8519
M,3,8520
M,3,8521
M,4,8522
M,0,8523
M,3,8524
M,0,8525
F,4,8526
F,3,8527
M,4,8528
F,4,8529
M,0,8530
M,4,8531
M,0,8532
M,4,8533
F,3,8534
M,4,8535
M,3,8536
F,3,8537
M,0,8538
F,4,8539
F,3,8540
F,3,8541
M,3,8542
M,3,8543
M,3,8544
M,4,8545
M,3,8546
M,4,8547
F,4,8548
M,2,8549
F,4,8550
M,3,8551
M,4,8552
M,3,8553
F,3,8554
F,2,8555
M,5,8556
F,3,8557
F,3,8558
M,3,8559
M,0,8560
F,0,8561
F,4,8562
M,3,8563
M,3,8564
F,0,8565
M,0,8566
M,3,8567
F,4,8568
F,4,8569
F,0,8570
M,3,8571
M,2,8572
M,4,8573
F,3,8574
M,4,8575
M,2,8576
M,3,8577
F,3,8578
M,2,8579
F,4,8580
F,4,8581
M,4,8582
F,4,8583
F,3,8584
M,4,8585
M,0,8586
M,4,8587
F,3,8588
M,4,8589
F,0,8590
M,4,8591
M,3,8592
M,3,8593
M,0,8594
M,3,8595
F,4,8596
M,4,8597
M,3,8598
F,0,8599
M,4,8600
F,4,8601
F,4,8602
M,3,8603
F,4,8604
F,3,8605
F,3,8606
F,3,8607
M,4,8608
M,4,8609
M,3,8610
F,4,8611
F,4,8612
M,4,8613
F,3,8614
F,3,8615
F,4,8616
F,0,8617
M,3,8618
M,3,8619
M,2,8620
M,3,8621
M,0,8622
F,3,8623
F,3,8624
M,3,8625
M,4,8626
M,4,8627
F,4,8628
M,3,8629
F,3,8630
F,4,8631
F,4,8632
M,3,8633
M,2,8634
F,3,8635
M,3,8636
M,4,8637
F,4,8638
F,4,8639
M,4,8640
M,3,8641
M,4,8642
M,3,8643
M,3,8644
M,3,8645
M,3,8646
M,4,8647
F,0,8648
M,0,8649
M,0,8650
F,3,8651
M,2,8652
M,0,8653
M,4,8654
M,0,8655
F,3,8656
M,3,8657
F,3,8658
M,0,8659
M,3,8660
M,3,8661
F,4,8662
M,3,8663
F,2,8664
F,4,8665
F,3,8666
M,3,8667
M,3,8668
F,3,8669
M,4,8670
M,4,8671
M,2,8672
F,3,8673
F,3,8674
M,3,8675
M,3,8676
M,4,8677
M,4,8678
F,4,8679
F,3,8680
F,4,8681
M,4,8682
M,3,8683
M,4,8684
F,3,8685
F,2,8686
M,0,8687
F,4,8688
M,4,8689
M,3,8690
M,4,8691
M,4,8692
M,4,8693
M,4,8694
M,3,8695
M,4,8696
M,0,8697
M,3,8698
M,4,8699
F,4,8700
F,3,8701
M,5,8702
M,2,8703
F,3,8704
M,3,8705
M,0,8706
M,3,8707
M,4,8708
M,1,8709
M,0,8710
M,0,8711
M,4,8712
M,4,8713
M,4,8714
F,3,8715
M,3,8716
M,3,8717
M,0,8718
M,4,8719
F,3,8720
M,3,8721
M,3,8722
F,3,8723
M,0,8724
F,0,8725
M,3,8726
M,3,8727
M,2,8728
M,4,8729
F,3,8730
M,3,8731
F,3,8732
F,0,8733
F,3,8734
M,4,8735
M,3,8736
F,4,8737
F,3,8738
M,4,8739
M,4,8740
M,3,8741
F,4,8742
M,3,8743
F,4,8744
M,4,8745
M,4,8746
M,4,8747
M,4,8748
M,4,8749
M,4,8750
F,3,8751
F,2,8752
M,3,8753
F,3,8754
F,0,8755
F,3,8756
M,4,8757
M,0,8758
M,3,8759
M,3,8760
F,0,8761
M,3,8762
F,4,8763
M,4,8764
M,4,8765
F,3,8766
M,3,8767
M,3,8768
F,4,8769
M,0,8770
M,4,8771
M,4,8772
F,3,8773
F,4,8774
M,0,8775
F,3,8776
F,2,8777
M,3,8778
M,4,8779
M,0,8780
F,0,8781
M,4,8782
M,4,8783
F,4,8784
M,3,8785
M,4,8786
M,4,8787
M,4,8788
M,0,8789
F,3,8790
M,0,8791
M,4,8792
M,3,8793
M,0,8794
M,3,8795
M,3,8796
F,4,8797
M,4,8798
M,2,8799
M,3,8800
M,2,8801
F,3,8802
M,3,8803
M,3,8804
M,5,8805
F,3,8806
M,0,8807
M,2,8808
M,3,8809
M,0,8810
M,3,8811
M,3,8812
F,3,8813
F,3,8814
F,3,8815
M,4,8816
M,3,8817
M,0,8818
M,0,8819
M,3,8820
F,4,8821
M,3,8822
M,0,8823
M,4,8824
F,3,8825
F,4,8826
F,4,8827
F,2,8828
M,4,8829
M,3,8830
M,3,8831
F,2,8832
F,3,8833
M,0,8834
M,3,8835
M,3,8836
M,4,8837
M,1,8838
F,0,8839
M,4,8840
M,4,8841
M,3,8842
M,3,8843
M,3,8844
M,4,8845
M,0,8846
M,3,8847
M,4,8848
F,0,8849
F,0,8850
F,3,8851
M,0,8852
M,4,8853
F,3,8854
M,3,8855
M,3,8856
M,3,8857
M,3,8858
M,3,8859
F,4,8860
M,3,8861
M,3,8862
M,4,8863
M,3,8864
F,4,8865
F,3,8866
M,0,8867
M,0,8868
M,4,8869
M,0,8870
F,4,8871
F,4,8872
M,4,8873
M,3,8874
F,0,8875
M,3,8876
M,4,8877
F,4,8878
F,3,8879
M,4,8880
M,3,8881
M,3,8882
F,4,8883
F,0,8884
M,3,8885
F,3,8886
M,0,8887
F,4,8888
F,3,8889
M,4,8890
F,0,8891
M,3,8892
M,3,8893
F,3,8894
M,4,8895
M,3,8896
M,3,8897
F,4,8898
F,3,8899
F,4,8900
M,4,8901
M,4,8902
M,4,8903
M,3,8904
F,4,8905
F,3,8906
F,4,8907
M,3,8908
M,3,8909
M,3,8910
M,4,8911
M,4,8912
M,0,8913
M,0,8914
F,4,8915
M,4,8916
M,3,8917
M,0,8918
F,4,8919
M,4,8920
M,4,8921
M,4,8922
M,0,8923
M,4,8924
M,3,8925
M,4,8926
F,5,8927
F,4,8928
M,0,8929
F,2,8930
M,4,8931
M,3,8932
M,4,8933
M,0,8934
M,3,8935
F,4,8936
M,3,8937
M,3,8938
M,4,8939
F,3,8940
M,3,8941
F,4,8942
F,4,8943
F,3,8944
F,4,8945
M,2,8946
M,4,8947
M,4,8948
F,3,8949
M,4,8950
M,3,8951
M,3,8952
M,0,8953
M,3,8954
F,3,8955
M,4,8956
M,3,8957
M,0,8958
M,3,8959
F,0,8960
M,3,8961
F,0,8962
F,3,8963
M,3,8964
M,4,8965
M,4,8966
M,4,8967
M,4,8968
M,4,8969
F,4,8970
F,4,8971
F,0,8972
F,4,8973
F,3,8974
M,4,8975
M,0,8976
M,4,8977
M,3,8978
M,4,8979
F,3,8980
M,4,8981
F,4,8982
M,4,8983
F,3,8984
M,4,8985
M,0,8986
M,3,8987
M,3,8988
M,3,8989
F,3,8990
M,4,8991
M,4,8992
M,0,8993
M,4,8994
M,3,8995
M,4,8996
M,3,8997
M,3,8998
M,3,8999
M,4,9000
M,3,9001
M,3,9002
F,2,9003
M,4,9004
M,4,9005
M,2,9006
M,3,9007
M,4,9008
M,4,9009
M,4,9010
M,4,9011
F,3,9012
M,3,9013
M,4,9014
M,5,9015
F,3,9016
M,3,9017
M,4,9018
M,3,9019
M,2,9020
F,4,9021
M,3,9022
M,0,9023
M,3,9024
M,3,9025
M,0,9026
F,4,9027
M,4,9028
M,4,9029
M,4,9030
M,4,9031
F,3,9032
F,3,9033
M,3,9034
M,3,9035
M,4,9036
F,0,9037
M,4,9038
M,4,9039
M,4,9040
F,3,9041
F,0,9042
M,3,9043
F,3,9044
M,4,9045
M,3,9046
F,3,9047
F,0,9048
M,3,9049
M,3,9050
M,3,9051
F,4,9052
F,3,9053
M,0,9054
M,0,9055
M,4,9056
M,4,9057
F,3,9058
M,4,9059
M,3,9060
M,2,9061
M,3,9062
M,3,9063
M,4,9064
F,4,9065
F,3,9066
M,3,9067
M,4,9068
F,4,9069
F,4,9070
M,3,9071
F,3,9072
M,4,9073
M,4,9074
F,4,9075
M,3,9076
M,3,9077
M,3,9078
F,3,9079
M,4,9080
M,3,9081
M,4,9082
M,0,9083
M,4,9084
F,0,9085
M,0,9086
M,4,9087
M,4,9088
M,4,9089
M,4,9090
M,3,9091
M,4,9092
M,4,9093
F,4,9094
M,0,9095
F,4,9096
M,3,9097
M,4,9098
F,3,9099
F,4,9100
M,1,9101
M,4,9102
F,3,9103
M,4,9104
M,4,9105
M,4,9106
F,3,9107
M,4,9108
F,0,9109
M,3,9110
M,2,9111
M,4,9112
M,4,9113
M,4,9114
F,3,9115
M,3,9116
F,3,9117
M,4,9118
M,3,9119
M,0,9120
M,4,9121
M,3,9122
F,3,9123
M,3,9124
M,3,9125
F,4,9126
M,4,9127
F,2,9128
M,4,9129
M,4,9130
M,2,9131
M,3,9132
M,4,9133
M,0,9134
M,4,9135
F,4,9136
M,4,9137
M,4,9138
M,4,9139
M,0,9140
M,3,9141
M,3,9142
M,3,9143
F,3,9144
M,4,9145
F,4,9146
M,3,9147
M,3,9148
F,0,9149
M,4,9150
M,4,9151
F,3,9152
M,3,9153
F,3,9154
F,3,9155
M,4,9156
M,3,9157
F,4,9158
M,3,9159
M,3,9160
F,4,9161
F,3,9162
M,3,9163
M,4,9164
M,4,9165
M,4,9166
F,3,9167
F,3,9168
M,0,9169
M,3,9170
F,3,9171
M,4,9172
M,4,9173
M,3,9174
F,3,9175
M,3,9176
F,4,9177
M,0,9178
M,3,9179
F,4,9180
F,3,9181
M,5,9182
F,3,9183
M,3,9184
M,4,9185
M,4,9186
F,3,9187
F,4,9188
F,0,9189
M,4,9190
M,3,9191
F,2,9192
M,3,9193
M,2,9194
M,4,9195
M,3,9196
F,3,9197
M,4,9198
M,4,9199
M,3,9200
M,3,9201
M,4,9202
F,2,9203
M,3,9204
M,2,9205
F,4,9206
F,0,9207
M,4,9208
M,4,9209
M,4,9210
M,4,9211
F,3,9212
M,4,9213
M,0,9214
M,4,9215
M,3,9216
M,5,9217
M,4,9218
M,0,9219
M,3,9220
M,4,9221
M,4,9222
F,3,9223
M,3,9224
M,4,9225
F,4,9226
F,4,9227
M,4,9228
F,4,9229
M,4,9230
M,4,9231
M,5,9232
M,3,9233
M,4,9234
M,3,9235
M,4,9236
M,3,9237
M,3,9238
M,3,9239
M,4,9240
M,0,9241
M,3,9242
M,4,9243
M,3,9244
M,3,9245
M,0,9246
M,4,9247
F,2,9248
M,4,9249
M,3,9250
M,4,9251
M,4,9252
M,3,9253
M,3,9254
M,4,9255
F,4,9256
F,3,9257
F,4,9258
M,3,9259
M,4,9260
M,4,9261
M,4,9262
F,0,9263
F,4,9264
M,3,9265
M,4,9266
F,4,9267
M,3,9268
F,3,9269
M,4,9270
F,4,9271
M,4,9272
M,4,9273
F,4,9274
M,3,9275
F,3,9276
F,3,9277
M,3,9278
F,3,9279
F,3,9280
F,4,9281
F,4,9282
M,3,9283
M,3,9284
M,4,9285
F,2,9286
M,4,9287
M,4,9288
F,4,9289
M,3,9290
M,4,9291
M,3,9292
M,4,9293
M,4,9294
F,3,9295
M,0,9296
M,3,9297
M,4,9298
F,4,9299
M,3,9300
M,4,9301
M,0,9302
M,4,9303
F,3,9304
M,4,9305
F,3,9306
M,4,9307
F,5,9308
M,4,9309
F,4,9310
M,3,9311
F,4,9312
M,4,9313
F,4,9314
F,4,9315
M,0,9316
M,4,9317
M,3,9318
M,3,9319
F,3,9320
M,3,9321
M,4,9322
M,4,9323
F,0,9324
F,0,9325
M,3,9326
F,0,9327
F,4,9328
F,4,9329
F,4,9330
M,3,9331
F,3,9332
F,0,9333
F,3,9334
F,4,9335
M,4,9336
F,3,9337
F,3,9338
F,3,9339
M,3,9340
F,3,9341
F,0,9342
F,3,9343
F,4,9344
M,3,9345
M,3,9346
F,2,9347
F,3,9348
F,3,9349
F,3,9350
F,0,9351
F,3,9352
F,3,9353
M,4,9354
M,3,9355
F,4,9356
F,3,9357
M,3,9358
F,3,9359
M,4,9360
F,3,9361
M,3,9362
M,0,9363
F,4,9364
M,0,9365
M,4,9366
M,3,9367
F,4,9368
M,4,9369
M,3,9370
M,3,9371
M,4,9372
M,4,9373
M,4,9374
F,2,9375
M,3,9376
M,4,9377
F,4,9378
M,4,9379
F,4,9380
F,3,9381
M,4,9382
F,3,9383
M,4,9384
M,3,9385
F,2,9386
M,4,9387
M,0,9388
M,4,9389
M,4,9390
F,3,9391
M,3,9392
M,3,9393
M,3,9394
M,3,9395
F,0,9396
F,4,9397
F,2,9398
M,3,9399
F,3,9400
M,2,9401
M,3,9402
M,4,9403
M,4,9404
M,4,9405
M,0,9406
M,4,9407
F,3,9408
M,3,9409
M,3,9410
F,3,9411
M,3,9412
M,2,9413
M,4,9414
M,3,9415
F,4,9416
M,4,9417
M,3,9418
M,3,9419
F,0,9420
M,3,9421
F,4,9422
M,4,9423
M,4,9424
M,0,9425
M,3,9426
M,0,9427
M,4,9428
F,3,9429
F,0,9430
F,4,9431
M,3,9432
M,4,9433
M,3,9434
F,3,9435
F,3,9436
M,3,9437
F,4,9438
F,2,9439
M,3,9440
F,2,9441
M,4,9442
M,3,9443
M,3,9444
F,3,9445
M,4,9446
M,3,9447
M,3,9448
M,0,9449
M,3,9450
M,2,9451
M,4,9452
F,0,9453
F,3,9454
M,4,9455
F,4,9456
M,3,9457
M,4,9458
M,4,9459
M,4,9460
M,4,9461
F,0,9462
M,3,9463
M,4,9464
F,3,9465
M,0,9466
F,3,9467
M,3,9468
F,3,9469
M,3,9470
M,0,9471
M,3,9472
M,4,9473
F,3,9474
M,3,9475
M,3,9476
M,4,9477
M,3,9478
M,4,9479
F,3,9480
M,4,9481
M,3,9482
F,3,9483
M,4,9484
M,0,9485
M,4,9486
M,0,9487
F,3,9488
F,3,9489
M,3,9490
F,4,9491
M,3,9492
M,4,9493
M,0,9494
M,0,9495
F,3,9496
F,3,9497
M,3,9498
F,4,9499
M,0,9500
M,3,9501
M,0,9502
M,0,9503
M,3,9504
F,3,9505
M,0,9506
F,4,9507
M,4,9508
F,3,9509
M,4,9510
F,4,9511
M,0,9512
M,2,9513
M,0,9514
M,3,9515
F,4,9516
M,4,9517
M,3,9518
F,4,9519
F,4,9520
F,3,9521
F,3,9522
F,3,9523
M,3,9524
M,3,9525
F,3,9526
F,0,9527
M,4,9528
M,4,9529
F,3,9530
M,3,9531
F,4,9532
M,3,9533
F,3,9534
F,4,9535
M,4,9536
F,2,9537
M,4,9538
F,4,9539
M,3,9540
M,3,9541
M,3,9542
M,3,9543
F,0,9544
F,3,9545
F,0,9546
M,4,9547
M,0,9548
M,4,9549
F,0,9550
M,0,9551
M,3,9552
F,4,9553
M,2,9554
F,2,9555
M,0,9556
M,3,9557
F,4,9558
F,4,9559
F,4,9560
F,3,9561
M,3,9562
M,3,9563
M,4,9564
F,3,9565
M,3,9566
F,3,9567
F,3,9568
F,0,9569
M,3,9570
F,4,9571
M,4,9572
M,3,9573
F,4,9574
M,3,9575
M,3,9576
F,3,9577
M,3,9578
M,3,9579
M,2,9580
M,3,9581
F,4,9582
M,3,9583
M,4,9584
M,3,9585
M,3,9586
M,4,9587
F,3,9588
M,3,9589
F,4,9590
F,4,9591
M,3,9592
M,3,9593
M,4,9594
M,3,9595
M,3,9596
M,2,9597
M,4,9598
M,4,9599
M,3,9600
F,3,9601
M,3,9602
M,4,9603
M,4,9604
M,3,9605
F,0,9606
M,4,9607
F,3,9608
M,4,9609
M,2,9610
M,4,9611
M,0,9612
F,3,9613
F,3,9614
M,4,9615
M,3,9616
F,4,9617
M,3,9618
F,3,9619
F,4,9620
F,4,9621
M,4,9622
M,3,9623
F,4,9624
F,4,9625
M,3,9626
M,3,9627
F,0,9628
M,3,9629
F,4,9630
F,4,9631
M,3,9632
M,3,9633
M,4,9634
M,4,9635
M,4,9636
M,4,9637
M,3,9638
M,0,9639
M,3,9640
M,3,9641
F,3,9642
M,3,9643
F,0,9644
M,4,9645
M,3,9646
M,3,9647
F,0,9648
M,4,9649
M,4,9650
M,3,9651
M,4,9652
M,3,9653
F,4,9654
F,2,9655
F,2,9656
M,4,9657
F,3,9658
F,4,9659
M,4,9660
M,4,9661
M,4,9662
M,4,9663
F,4,9664
M,0,9665
F,3,9666
M,4,9667
M,3,9668
F,0,9669
M,4,9670
F,4,9671
M,3,9672
F,0,9673
M,4,9674
F,3,9675
M,4,9676
M,2,9677
M,4,9678
M,4,9679
M,3,9680
M,3,9681
M,3,9682
F,4,9683
F,3,9684
M,4,9685
M,0,9686
M,0,9687
M,2,9688
M,3,9689
M,4,9690
M,4,9691
F,4,9692
M,4,9693
M,0,9694
M,3,9695
F,4,9696
M,4,9697
F,4,9698
F,0,9699
F,3,9700
M,2,9701
M,3,9702
M,2,9703
F,4,9704
F,3,9705
M,0,9706
M,3,9707
M,4,9708
M,3,9709
F,3,9710
M,0,9711
M,3,9712
M,3,9713
M,3,9714
M,3,9715
F,4,9716
M,4,9717
M,3,9718
M,2,9719
M,3,9720
M,4,9721
M,3,9722
M,3,9723
M,4,9724
M,4,9725
F,4,9726
M,0,9727
F,4,9728
M,3,9729
M,4,9730
M,0,9731
M,0,9732
M,4,9733
F,4,9734
M,4,9735
M,4,9736
M,4,9737
M,0,9738
F,4,9739
M,4,9740
F,3,9741
M,3,9742
F,3,9743
M,4,9744
M,4,9745
M,3,9746
M,4,9747
F,4,9748
M,3,9749
M,0,9750
F,3,9751
M,3,9752
F,4,9753
F,4,9754
M,3,9755
M,3,9756
M,3,9757
M,2,9758
F,4,9759
F,4,9760
M,3,9761
F,3,9762
M,2,9763
M,4,9764
M,3,9765
M,3,9766
M,3,9767
F,3,9768
M,3,9769
F,4,9770
F,3,9771
F,3,9772
M,3,9773
M,0,9774
M,4,9775
F,3,9776
M,0,9777
M,3,9778
M,3,9779
M,3,9780
M,4,9781
M,4,9782
M,0,9783
M,3,9784
M,4,9785
M,0,9786
F,4,9787
M,2,9788
M,4,9789
M,3,9790
F,3,9791
F,3,9792
M,4,9793
M,0,9794
F,4,9795
M,2,9796
F,3,9797
M,4,9798
F,3,9799
M,4,9800
M,3,9801
M,4,9802
M,0,9803
M,4,9804
M,4,9805
M,3,9806
F,4,9807
M,3,9808
M,3,9809
M,4,9810
M,0,9811
F,4,9812
M,4,9813
F,0,9814
M,4,9815
M,0,9816
F,4,9817
M,4,9818
F,4,9819
M,4,9820
M,0,9821
M,3,9822
F,2,9823
M,3,9824
M,4,9825
M,4,9826
M,3,9827
M,3,9828
M,4,9829
F,4,9830
M,3,9831
M,4,9832
M,3,9833
F,3,9834
F,3,9835
F,4,9836
M,4,9837
M,3,9838
M,4,9839
F,3,9840
F,4,9841
F,3,9842
M,4,9843
M,4,9844
M,4,9845
F,3,9846
M,3,9847
M,0,9848
M,3,9849
M,4,9850
F,4,9851
M,4,9852
F,3,9853
M,4,9854
M,3,9855
F,2,9856
M,0,9857
F,0,9858
F,4,9859
M,3,9860
M,4,9861
F,4,9862
M,3,9863
M,3,9864
M,3,9865
M,0,9866
F,3,9867
M,3,9868
